ISS002-E-5053,-45.1,173.6
ISS002-E-5058,-51.0,81.9
ISS002-E-5059,-50.9,82.6
ISS002-E-5060,-50.6,84.7
ISS002-E-5061,-50.5,85.0
ISS002-E-5062,-28.4,-62.6
ISS002-E-5063,-28.9,-62.0
ISS002-E-5098,-44.1,-65.2
ISS002-E-5101,-43.2,169.3
ISS002-E-5102,-43.4,169.6
ISS002-E-5103,-43.6,170.1
ISS002-E-5104,-44.0,171.0
ISS002-E-5105,-44.1,171.2
ISS002-E-5106,-44.6,172.3
ISS002-E-5107,-44.7,172.5
ISS002-E-5108,-44.9,173.1
ISS002-E-5109,-45.3,174.0
ISS002-E-5110,-45.7,175.1
ISS002-E-5111,-47.6,-179.5
ISS002-E-5112,-48.7,-175.4
ISS002-E-5113,-50.0,-169.5
ISS002-E-5114,-51.0,-163.0
ISS002-E-5115,-51.2,-161.6
ISS002-E-5116,-29.1,-61.8
ISS002-E-5117,-27.1,-63.9
ISS002-E-5129,-36.3,85.9
ISS002-E-5146,-48.2,27.0
ISS002-E-5149,-9.2,30.6
ISS002-E-5152,-38.8,-22.0
ISS002-E-5168,-51.4,110.6
ISS002-E-5169,-10.8,178.3
ISS002-E-5170,6.3,-169.5
ISS002-E-5171,-33.8,133.7
ISS002-E-5172,-14.2,152.2
ISS002-E-5175,-42.0,12.2
ISS002-E-5187,-49.9,-18.8
ISS002-E-5188,-20.0,30.3
ISS002-E-5191,-36.9,-113.6
ISS002-E-5193,-30.0,-2.7
ISS002-E-5194,-14.2,11.4
ISS002-E-5198,-2.8,-3.7
ISS002-E-5204,-16.9,-37.6
ISS002-E-5205,-14.3,-35.6
ISS002-E-5213,16.9,-12.7
ISS002-E-5219,-50.3,-114.8
ISS002-E-5261,0.7,175.9
ISS002-E-5296,-25.5,-60.1
ISS002-E-5297,-24.6,-59.3
ISS002-E-5298,-23.3,-58.1
ISS002-E-5299,-19.5,-54.7
ISS002-E-5300,-19.3,-54.6
ISS002-E-5301,-18.9,-54.3
ISS002-E-5302,-18.1,-53.6
ISS002-E-5303,-18.0,-53.5
ISS002-E-5304,-16.7,-52.5
ISS002-E-5305,-15.6,-51.6
ISS002-E-5306,-15.5,-51.6
ISS002-E-5317,30.4,-96.1
ISS002-E-5318,30.6,-95.8
ISS002-E-5319,31.0,-95.4
ISS002-E-5320,32.5,-93.7
ISS002-E-5322,36.7,-88.2
ISS002-E-5323,39.0,-84.9
ISS002-E-5324,39.8,-83.4
ISS002-E-5325,42.0,-79.6
ISS002-E-5330,-11.9,51.3
ISS002-E-5333,-9.7,53.0
ISS002-E-5368,-9.2,53.4
ISS002-E-5369,-8.6,53.8
ISS002-E-5370,-8.1,54.2
ISS002-E-5371,-5.8,55.9
ISS002-E-5372,-4.8,56.5
ISS002-E-5373,-4.3,56.9
ISS002-E-5374,-4.1,57.1
ISS002-E-5375,-2.7,58.1
ISS002-E-5376,-2.2,58.4
ISS002-E-5377,-1.9,58.6
ISS002-E-5378,-1.3,59.1
ISS002-E-5380,-0.6,59.5
ISS002-E-5382,19.5,74.6
ISS002-E-5383,48.2,117.2
ISS002-E-5384,49.2,121.3
ISS002-E-5397,22.7,-82.0
ISS002-E-5398,22.9,-81.9
ISS002-E-5399,26.2,-78.8
ISS002-E-5401,-20.5,-138.2
ISS002-E-5402,-19.2,-137.1
ISS002-E-5406,-27.0,33.0
ISS002-E-5407,-27.3,33.3
ISS002-E-5408,-27.7,33.7
ISS002-E-5431,-17.1,58.6
ISS002-E-5435,-36.0,-54.3
ISS002-E-5442,2.6,-97.5
ISS002-E-5443,12.9,-90.0
ISS002-E-5444,21.5,-83.1
ISS002-E-5445,21.7,-82.9
ISS002-E-5446,25.8,-15.5
ISS002-E-5447,16.8,49.8
ISS002-E-5448,21.7,-89.5
ISS002-E-5449,8.1,48.8
ISS002-E-5450,9.9,50.1
ISS002-E-5451,12.4,52.0
ISS002-E-5452,13.7,52.9
ISS002-E-5453,15.9,54.7
ISS002-E-5454,28.3,65.7
ISS002-E-5455,15.8,-15.7
ISS002-E-5456,16.6,-15.1
ISS002-E-5457,21.7,-10.8
ISS002-E-5458,22.3,-10.3
ISS002-E-5459,-18.9,-88.2
ISS002-E-5460,-17.8,-87.3
ISS002-E-5461,-0.2,-97.8
ISS002-E-5462,16.3,-85.6
ISS002-E-5463,16.5,-85.5
ISS002-E-5464,21.1,-81.6
ISS002-E-5465,21.5,-81.3
ISS002-E-5466,20.8,-81.9
ISS002-E-5467,25.1,-78.0
ISS002-E-5468,27.4,-75.8
ISS002-E-5469,27.8,-75.3
ISS002-E-5470,-46.0,24.5
ISS002-E-5471,-45.8,24.9
ISS002-E-5472,-50.9,-140.1
ISS002-E-5473,27.0,2.6
ISS002-E-5474,-51.7,-128.1
ISS002-E-5514,25.5,-25.8
ISS002-E-5515,25.7,-25.7
ISS002-E-5516,28.7,-22.7
ISS002-E-5539,36.2,36.8
ISS002-E-5540,41.1,44.3
ISS002-E-5541,43.1,48.2
ISS002-E-5542,43.4,48.9
ISS002-E-5543,50.3,83.0
ISS002-E-5544,40.2,-74.4
ISS002-E-5545,38.3,-77.4
ISS002-E-5546,38.7,-76.8
ISS002-E-5547,40.3,-74.1
ISS002-E-5548,40.5,-73.9
ISS002-E-5549,41.0,-72.9
ISS002-E-5550,41.2,-72.6
ISS002-E-5551,41.5,-72.0
ISS002-E-5552,42.2,-70.7
ISS002-E-5553,42.4,-70.4
ISS002-E-5554,42.8,-69.6
ISS002-E-5555,-5.6,56.0
ISS002-E-5556,-5.5,56.1
ISS002-E-5557,12.9,69.3
ISS002-E-5558,16.3,-143.7
ISS002-E-5559,17.9,73.2
ISS002-E-5560,31.3,85.9
ISS002-E-5561,34.3,89.5
ISS002-E-5562,34.7,90.0
ISS002-E-5564,34.8,90.2
ISS002-E-5565,38.3,95.1
ISS002-E-5566,24.3,42.6
ISS002-E-5567,24.7,42.9
ISS002-E-5568,24.8,43.1
ISS002-E-5569,25.2,43.4
ISS002-E-5578,-9.2,53.4
ISS002-E-5579,-9.9,52.9
ISS002-E-5580,-9.8,53.0
ISS002-E-5583,-38.2,-51.7
ISS002-E-5584,-37.9,-51.4
ISS002-E-5585,-36.8,-49.7
ISS002-E-5588,-3.0,-42.3
ISS002-E-5589,-2.4,-41.9
ISS002-E-5590,-4.3,-66.7
ISS002-E-5591,0.4,-63.3
ISS002-E-5592,0.6,-63.2
ISS002-E-5593,-0.2,-63.8
ISS002-E-5594,0.3,-63.4
ISS002-E-5595,0.9,-63.0
ISS002-E-5596,3.8,-61.0
ISS002-E-5597,4.1,-60.7
ISS002-E-5604,39.5,-7.0
ISS002-E-5605,42.0,-2.5
ISS002-E-5607,42.6,-1.5
ISS002-E-5608,42.9,-0.9
ISS002-E-5609,43.1,-0.3
ISS002-E-5610,46.4,7.6
ISS002-E-5611,46.5,7.9
ISS002-E-5613,27.7,-115.6
ISS002-E-5614,-9.8,168.4
ISS002-E-5615,-9.1,168.9
ISS002-E-5616,0.8,175.9
ISS002-E-5617,1.2,176.2
ISS002-E-5618,1.9,176.7
ISS002-E-5619,2.6,177.3
ISS002-E-5620,2.8,177.4
ISS002-E-5621,3.8,178.1
ISS002-E-5622,34.3,-5.9
ISS002-E-5623,35.2,-4.6
ISS002-E-5624,35.8,-3.8
ISS002-E-5625,36.3,-3.2
ISS002-E-5626,36.5,-2.9
ISS002-E-5627,37.5,-1.4
ISS002-E-5628,37.8,-1.0
ISS002-E-5629,38.0,-0.7
ISS002-E-5630,39.1,0.9
ISS002-E-5631,39.4,1.5
ISS002-E-5632,-5.1,157.0
ISS002-E-5633,-4.7,157.3
ISS002-E-5634,42.3,-2.0
ISS002-E-5636,41.6,53.8
ISS002-E-5637,42.6,55.8
ISS002-E-5638,42.8,56.2
ISS002-E-5639,43.1,56.7
ISS002-E-5640,43.4,57.3
ISS002-E-5641,-49.0,-70.9
ISS002-E-5642,-48.5,-68.7
ISS002-E-5643,36.2,-1.6
ISS002-E-5644,36.6,-1.1
ISS002-E-5645,38.9,2.3
ISS002-E-5646,39.1,2.7
ISS002-E-5647,39.7,3.6
ISS002-E-5648,41.2,6.3
ISS002-E-5649,40.3,4.7
ISS002-E-5650,40.7,5.3
ISS002-E-5651,29.9,-79.7
ISS002-E-5652,30.2,-79.4
ISS002-E-5653,31.0,-78.4
ISS002-E-5654,-17.4,-61.5
ISS002-E-5655,31.3,-116.5
ISS002-E-5656,31.3,-116.5
ISS002-E-5657,31.3,-116.5
ISS002-E-5658,31.3,-116.5
ISS002-E-5659,31.3,-116.5
ISS002-E-5660,31.3,-116.5
ISS002-E-5661,31.3,-116.5
ISS002-E-5662,28.5,-119.5
ISS002-E-5663,35.5,-111.4
ISS002-E-5664,35.7,-111.1
ISS002-E-5665,36.5,-110.0
ISS002-E-5666,38.3,-107.3
ISS002-E-5668,-12.2,44.8
ISS002-E-5669,-8.1,47.8
ISS002-E-5670,-9.4,46.8
ISS002-E-5671,-8.9,47.2
ISS002-E-5672,-3.8,50.9
ISS002-E-5673,-3.0,51.4
ISS002-E-5674,38.5,-28.2
ISS002-E-5675,38.8,-27.7
ISS002-E-5676,39.3,-26.9
ISS002-E-5677,-19.2,-139.8
ISS002-E-5678,-17.8,-138.5
ISS002-E-5679,32.7,-97.8
ISS002-E-5680,32.5,-98.0
ISS002-E-5681,32.7,-97.8
ISS002-E-5682,32.5,-98.0
ISS002-E-5683,46.2,-74.2
ISS002-E-5686,44.6,-168.0
ISS002-E-5692,19.2,-8.8
ISS002-E-5693,19.2,-8.8
ISS002-E-5694,19.6,-8.4
ISS002-E-5695,19.2,-8.8
ISS002-E-5696,27.6,-1.1
ISS002-E-5697,36.5,9.5
ISS002-E-5698,39.9,14.6
ISS002-E-5699,39.9,14.6
ISS002-E-5759,4.5,40.1
ISS002-E-5779,1.4,59.1
ISS002-E-5783,41.0,-68.5
ISS002-E-5784,41.2,-68.2
ISS002-E-5785,41.2,-68.2
ISS002-E-5786,3.7,34.0
ISS002-E-5787,1.2,35.8
ISS002-E-5789,-9.4,19.9
ISS002-E-5795,47.2,24.6
ISS002-E-5796,47.6,25.8
ISS002-E-5797,47.7,26.2
ISS002-E-5798,49.0,31.1
ISS002-E-5799,49.1,31.6
ISS002-E-5803,-39.8,-66.9
ISS002-E-5805,-33.2,-57.5
ISS002-E-5806,-33.2,-57.5
ISS002-E-5807,-32.6,-56.8
ISS002-E-5808,-30.5,-54.4
ISS002-E-5809,-30.1,-53.9
ISS002-E-5871,-20.0,166.5
ISS002-E-5872,-14.9,170.7
ISS002-E-5873,43.8,117.2
ISS002-E-5875,-40.6,-68.2
ISS002-E-5876,10.9,-21.5
ISS002-E-5877,14.4,-18.9
ISS002-E-5878,15.8,-17.8
ISS002-E-5879,-37.4,-63.2
ISS002-E-5880,-35.1,-60.0
ISS002-E-5881,-31.2,-55.2
ISS002-E-5882,29.3,-5.6
ISS002-E-5883,30.2,-4.6
ISS002-E-5884,31.5,-3.1
ISS002-E-5885,32.9,-1.4
ISS002-E-5886,34.7,0.7
ISS002-E-5887,40.2,8.9
ISS002-E-5888,41.5,11.2
ISS002-E-5889,41.9,12.0
ISS002-E-5890,43.7,15.6
ISS002-E-5908,21.1,153.2
ISS002-E-5910,21.8,153.8
ISS002-E-6045,-44.1,122.6
ISS002-E-6046,-43.8,123.3
ISS002-E-6047,-50.3,8.2
ISS002-E-6049,32.2,-120.5
ISS002-E-6050,32.2,-120.5
ISS002-E-6051,31.1,-119.3
ISS002-E-6052,30.8,-118.9
ISS002-E-6053,30.2,-118.3
ISS002-E-6054,30.2,-118.3
ISS002-E-6056,49.2,-123.2
ISS002-E-6057,49.1,-122.7
ISS002-E-6058,49.0,-122.0
ISS002-E-6059,48.9,-121.6
ISS002-E-6060,48.6,-120.7
ISS002-E-6065,51.6,-165.1
ISS002-E-6066,39.9,-123.0
ISS002-E-6067,31.7,-135.1
ISS002-E-6068,31.4,-134.8
ISS002-E-6069,30.7,-134.0
ISS002-E-6070,28.5,-131.6
ISS002-E-6071,24.1,-127.3
ISS002-E-6072,32.3,-80.6
ISS002-E-6073,31.6,-79.8
ISS002-E-6085,34.9,-5.2
ISS002-E-6086,-44.5,146.8
ISS002-E-6087,-43.1,149.7
ISS002-E-6088,-41.3,153.3
ISS002-E-6089,-38.0,158.7
ISS002-E-6090,-37.6,159.3
ISS002-E-6091,-37.2,159.9
ISS002-E-6092,-36.6,160.7
ISS002-E-6093,-35.8,161.9
ISS002-E-6094,-35.4,162.3
ISS002-E-6095,-35.0,162.9
ISS002-E-6096,-34.5,163.5
ISS002-E-6097,-33.0,165.4
ISS002-E-6098,-32.8,165.7
ISS002-E-6099,-31.7,166.9
ISS002-E-6102,0.9,-166.0
ISS002-E-6103,4.6,-163.4
ISS002-E-6109,-46.9,61.6
ISS002-E-6149,51.7,1.4
ISS002-E-6150,51.7,2.4
ISS002-E-6153,-39.1,21.8
ISS002-E-6155,-33.4,29.7
ISS002-E-6156,-25.6,38.2
ISS002-E-6157,-40.6,-71.0
ISS002-E-6158,31.4,-103.0
ISS002-E-6159,5.0,-127.4
ISS002-E-6160,0.4,-124.1
ISS002-E-6164,51.1,26.6
ISS002-E-6165,50.6,-0.7
ISS002-E-6167,42.2,-75.5
ISS002-E-6168,40.5,-78.6
ISS002-E-6169,43.6,-72.6
ISS002-E-6170,43.3,-73.2
ISS002-E-6173,28.8,-89.6
ISS002-E-6174,28.8,-89.5
ISS002-E-6175,27.7,-88.4
ISS002-E-6176,38.3,47.4
ISS002-E-6178,38.3,47.4
ISS002-E-6179,43.1,-78.5
ISS002-E-6180,43.8,-79.8
ISS002-E-6182,-20.2,-108.7
ISS002-E-6184,47.5,43.9
ISS002-E-6185,41.6,-101.0
ISS002-E-6186,41.1,-100.2
ISS002-E-6187,41.1,-100.1
ISS002-E-6188,-42.6,127.2
ISS002-E-6189,44.1,-101.9
ISS002-E-6190,42.0,-97.7
ISS002-E-6191,41.1,-96.0
ISS002-E-6192,34.9,-86.5
ISS002-E-6193,34.5,-85.9
ISS002-E-6194,32.3,-83.3
ISS002-E-6195,29.4,-80.0
ISS002-E-6196,27.5,-78.1
ISS002-E-6197,27.1,-77.6
ISS002-E-6198,35.0,-110.1
ISS002-E-6199,33.2,-107.8
ISS002-E-6200,33.2,-107.8
ISS002-E-6201,27.8,-101.8
ISS002-E-6202,27.5,-101.5
ISS002-E-6203,26.0,-100.0
ISS002-E-6204,25.6,-99.6
ISS002-E-6205,21.5,-95.9
ISS002-E-6206,21.2,-95.6
ISS002-E-6207,48.3,35.3
ISS002-E-6208,48.2,35.4
ISS002-E-6209,48.3,35.3
ISS002-E-6210,33.6,-76.6
ISS002-E-6211,33.6,-76.6
ISS002-E-6212,47.0,-71.6
ISS002-E-6213,47.7,-74.1
ISS002-E-6214,47.5,-73.2
ISS002-E-6215,47.2,-72.4
ISS002-E-6216,47.8,-74.5
ISS002-E-6217,46.5,-70.4
ISS002-E-6218,29.9,-89.8
ISS002-E-6219,29.0,-88.9
ISS002-E-6220,28.3,-88.1
ISS002-E-6221,19.0,-103.0
ISS002-E-6222,45.1,11.9
ISS002-E-6223,45.1,11.9
ISS002-E-6224,45.1,11.9
ISS002-E-6225,42.1,18.3
ISS002-E-6226,42.1,18.3
ISS002-E-6227,-49.1,167.5
ISS002-E-6228,-49.0,167.9
ISS002-E-6229,42.3,-122.8
ISS002-E-6230,36.2,-80.0
ISS002-E-6231,35.9,-79.6
ISS002-E-6232,40.5,-110.1
ISS002-E-6233,35.8,-102.9
ISS002-E-6234,30.6,-96.6
ISS002-E-6235,30.9,-96.9
ISS002-E-6236,30.6,-96.6
ISS002-E-6237,30.2,-96.2
ISS002-E-6238,29.9,-95.8
ISS002-E-6239,28.6,-94.5
ISS002-E-6240,28.4,-94.2
ISS002-E-6241,27.6,-93.4
ISS002-E-6242,25.2,-91.1
ISS002-E-6243,49.8,36.9
ISS002-E-6244,49.7,37.6
ISS002-E-6245,27.5,-14.7
ISS002-E-6246,26.3,-13.5
ISS002-E-6247,24.8,-12.1
ISS002-E-6248,50.7,7.0
ISS002-E-6249,50.6,7.5
ISS002-E-6250,50.2,10.4
ISS002-E-6251,38.9,-6.6
ISS002-E-6252,38.8,-6.4
ISS002-E-6253,38.5,-6.0
ISS002-E-6254,37.5,-4.5
ISS002-E-6255,-1.1,30.2
ISS002-E-6256,-2.6,31.3
ISS002-E-6257,-16.0,41.2
ISS002-E-6258,-16.7,41.7
ISS002-E-6259,-17.5,42.4
ISS002-E-6260,-17.7,42.6
ISS002-E-6261,-18.4,43.2
ISS002-E-6262,-19.8,44.3
ISS002-E-6263,-20.6,45.0
ISS002-E-6264,18.6,-31.2
ISS002-E-6265,18.1,-30.9
ISS002-E-6266,17.7,-30.6
ISS002-E-6267,17.6,-30.5
ISS002-E-6268,-4.4,-14.3
ISS002-E-6269,-5.5,-13.5
ISS002-E-6270,-34.2,12.0
ISS002-E-6271,-35.5,13.8
ISS002-E-6272,-36.1,14.5
ISS002-E-6273,-46.5,34.3
ISS002-E-6274,-46.5,34.5
ISS002-E-6275,-46.8,35.2
ISS002-E-6276,-47.0,35.9
ISS002-E-6277,41.1,-74.6
ISS002-E-6278,41.0,-74.3
ISS002-E-6279,40.7,-73.8
ISS002-E-6280,35.7,-89.7
ISS002-E-6281,36.9,-91.3
ISS002-E-6282,36.8,-91.1
ISS002-E-6283,36.4,-90.6
ISS002-E-6284,31.0,-83.8
ISS002-E-6285,27.7,-80.4
ISS002-E-6286,26.0,-78.6
ISS002-E-6287,51.3,2.1
ISS002-E-6328,39.4,-73.2
ISS002-E-6329,39.8,-72.6
ISS002-E-6330,38.6,-74.4
ISS002-E-6331,38.9,-73.9
ISS002-E-6332,39.1,-73.6
ISS002-E-6333,39.4,-73.1
ISS002-E-6334,40.0,-72.2
ISS002-E-6335,41.0,-70.4
ISS002-E-6357,38.8,-99.0
ISS002-E-6358,36.3,-95.4
ISS002-E-6359,30.7,-88.4
ISS002-E-6360,30.4,-88.1
ISS002-E-6361,29.2,-86.8
ISS002-E-6362,28.7,-86.3
ISS002-E-6363,27.7,-85.3
ISS002-E-6364,25.8,-83.4
ISS002-E-6365,24.7,-82.3
ISS002-E-6366,24.3,-82.0
ISS002-E-6367,23.7,-81.4
ISS002-E-6368,-8.7,-147.9
ISS002-E-6369,-13.4,-144.4
ISS002-E-6370,-14.0,-143.9
ISS002-E-6371,-15.0,-143.1
ISS002-E-6372,-15.9,-142.4
ISS002-E-6373,-16.8,-141.7
ISS002-E-6374,-17.4,-141.2
ISS002-E-6375,-20.8,-138.4
ISS002-E-6376,-23.0,-136.4
ISS002-E-6377,-26.8,-132.9
ISS002-E-6378,-48.6,-38.5
ISS002-E-6379,-49.0,-36.9
ISS002-E-6380,-9.2,128.2
ISS002-E-6381,5.9,154.8
ISS002-E-6382,5.2,155.4
ISS002-E-6383,3.9,156.2
ISS002-E-6384,3.8,156.3
ISS002-E-6385,-7.4,164.3
ISS002-E-6386,-10.7,166.7
ISS002-E-6387,-11.6,167.4
ISS002-E-6388,-12.0,167.7
ISS002-E-6389,42.5,78.0
ISS002-E-6390,42.2,78.6
ISS002-E-6391,-51.7,-153.9
ISS002-E-6392,40.8,81.2
ISS002-E-6393,39.5,83.4
ISS002-E-6394,39.3,83.7
ISS002-E-6395,38.9,84.4
ISS002-E-6396,38.6,84.8
ISS002-E-6397,38.5,85.1
ISS002-E-6398,-4.0,123.3
ISS002-E-6399,-5.9,124.7
ISS002-E-6400,-6.4,125.0
ISS002-E-6401,30.0,-44.7
ISS002-E-6402,29.6,-44.2
ISS002-E-6403,29.4,-44.0
ISS002-E-6404,29.1,-43.7
ISS002-E-6405,28.8,-43.4
ISS002-E-6406,28.2,-42.8
ISS002-E-6407,27.3,-41.9
ISS002-E-6408,25.2,-39.8
ISS002-E-6409,24.4,-39.1
ISS002-E-6410,23.8,-38.6
ISS002-E-6411,31.1,-116.3
ISS002-E-6412,30.7,-115.9
ISS002-E-6413,30.5,-115.6
ISS002-E-6414,28.9,-113.9
ISS002-E-6415,27.4,-112.3
ISS002-E-6416,26.8,-111.7
ISS002-E-6417,25.8,-110.8
ISS002-E-6418,25.1,-110.0
ISS002-E-6419,23.3,-108.4
ISS002-E-6420,21.6,-106.9
ISS002-E-6421,19.4,-105.0
ISS002-E-6422,19.2,-104.8
ISS002-E-6423,18.8,-104.5
ISS002-E-6424,-0.7,176.2
ISS002-E-6425,-1.0,176.4
ISS002-E-6426,-2.2,177.3
ISS002-E-6427,-2.6,177.6
ISS002-E-6428,-3.2,178.0
ISS002-E-6429,-4.8,179.2
ISS002-E-6430,-6.1,-180.0
ISS002-E-6431,-7.1,-179.2
ISS002-E-6432,-8.7,-178.1
ISS002-E-6433,-13.5,-174.5
ISS002-E-6434,-14.0,-174.1
ISS002-E-6435,-14.5,-173.7
ISS002-E-6436,-18.8,-170.3
ISS002-E-6437,-19.6,-169.6
ISS002-E-6438,-5.9,156.5
ISS002-E-6439,-7.5,157.6
ISS002-E-6440,-18.4,165.9
ISS002-E-6441,-19.2,166.6
ISS002-E-6442,-20.2,167.4
ISS002-E-6443,-22.6,169.5
ISS002-E-6444,4.5,157.5
ISS002-E-6445,4.1,157.8
ISS002-E-6446,3.3,158.3
ISS002-E-6447,2.4,159.0
ISS002-E-6448,2.2,159.1
ISS002-E-6449,-9.8,167.7
ISS002-E-6450,-10.2,167.9
ISS002-E-6451,-12.9,170.0
ISS002-E-6452,-46.0,-46.8
ISS002-E-6453,-46.3,-45.9
ISS002-E-6454,-46.9,-44.2
ISS002-E-6455,-47.1,-43.5
ISS002-E-6456,-47.5,-42.3
ISS002-E-6457,-48.3,-39.7
ISS002-E-6458,-48.5,-38.9
ISS002-E-6608,51.4,-2.4
ISS002-E-6609,51.4,-1.5
ISS002-E-6610,51.7,9.0
ISS002-E-6611,51.6,11.1
ISS002-E-6612,48.0,34.1
ISS002-E-6613,46.8,37.9
ISS002-E-6614,43.2,46.8
ISS002-E-6615,43.1,47.0
ISS002-E-6616,42.8,47.5
ISS002-E-6617,42.5,48.2
ISS002-E-6618,42.3,48.6
ISS002-E-6619,41.7,49.7
ISS002-E-6620,37.0,57.5
ISS002-E-6621,34.1,61.4
ISS002-E-6622,33.8,61.7
ISS002-E-6623,33.5,62.1
ISS002-E-6624,32.1,63.8
ISS002-E-6625,31.6,64.3
ISS002-E-6626,29.6,66.5
ISS002-E-6627,27.7,68.6
ISS002-E-6628,27.3,69.0
ISS002-E-6629,26.3,70.0
ISS002-E-6630,25.5,70.7
ISS002-E-6631,24.9,71.3
ISS002-E-6632,23.0,73.0
ISS002-E-6633,21.7,74.2
ISS002-E-6634,51.0,-4.2
ISS002-E-6635,50.8,-2.9
ISS002-E-6636,50.6,-1.7
ISS002-E-6637,50.6,-1.3
ISS002-E-6638,50.5,-0.7
ISS002-E-6639,50.3,0.6
ISS002-E-6640,50.1,1.3
ISS002-E-6641,50.2,0.8
ISS002-E-6642,33.3,-78.4
ISS002-E-6643,32.1,-77.0
ISS002-E-6644,31.0,-75.7
ISS002-E-6645,30.3,-74.9
ISS002-E-6646,30.5,-98.6
ISS002-E-6647,30.3,-98.4
ISS002-E-6648,29.8,-97.9
ISS002-E-6649,14.5,-79.2
ISS002-E-6650,13.4,-78.4
ISS002-E-6651,12.1,165.4
ISS002-E-6652,10.3,166.7
ISS002-E-6653,9.5,167.3
ISS002-E-6654,8.4,168.2
ISS002-E-6655,7.1,169.1
ISS002-E-6656,5.7,170.1
ISS002-E-6657,4.4,171.0
ISS002-E-6658,4.0,171.3
ISS002-E-6659,2.5,172.4
ISS002-E-6660,1.6,173.0
ISS002-E-6661,0.7,173.6
ISS002-E-6662,50.7,-8.6
ISS002-E-6663,-17.6,45.0
ISS002-E-6664,-17.9,45.2
ISS002-E-6665,-18.3,45.6
ISS002-E-6666,-18.9,46.1
ISS002-E-6792,-12.0,-170.9
ISS002-E-6793,-10.9,-170.1
ISS002-E-6794,12.6,-153.2
ISS002-E-6795,14.0,-152.1
ISS002-E-6796,15.7,-150.8
ISS002-E-6797,16.7,-150.0
ISS002-E-6798,-24.9,14.4
ISS002-E-6799,-11.1,25.8
ISS002-E-6800,-10.4,26.4
ISS002-E-6801,17.0,22.9
ISS002-E-6802,18.0,23.8
ISS002-E-6803,18.5,24.2
ISS002-E-6804,-10.1,71.9
ISS002-E-6805,-7.9,73.5
ISS002-E-6806,-7.6,73.8
ISS002-E-6807,16.3,-2.6
ISS002-E-6808,16.4,-2.5
ISS002-E-6809,17.3,-1.8
ISS002-E-6810,17.7,-1.4
ISS002-E-6811,-29.8,110.3
ISS002-E-6812,-29.5,110.7
ISS002-E-6813,-25.6,114.6
ISS002-E-6814,-22.0,117.8
ISS002-E-6815,-21.5,118.3
ISS002-E-6816,-20.5,119.1
ISS002-E-6817,-20.2,119.4
ISS002-E-6818,-16.3,122.6
ISS002-E-6819,-15.8,123.0
ISS002-E-6820,-14.9,123.7
ISS002-E-6821,-14.4,124.1
ISS002-E-6822,-10.9,126.7
ISS002-E-6823,-10.7,126.9
ISS002-E-6824,-10.3,127.2
ISS002-E-6825,-10.3,127.2
ISS002-E-6826,-8.9,128.2
ISS002-E-6827,-7.5,129.3
ISS002-E-6828,-5.1,131.0
ISS002-E-6829,-4.4,131.5
ISS002-E-6830,-14.3,124.2
ISS002-E-6831,-22.7,47.0
ISS002-E-6832,-21.1,48.3
ISS002-E-6833,-19.4,49.8
ISS002-E-6834,26.9,-148.7
ISS002-E-6835,-15.0,53.3
ISS002-E-6836,-14.7,53.6
ISS002-E-6837,-0.9,-91.7
ISS002-E-6838,-13.9,48.0
ISS002-E-6840,-13.1,48.6
ISS002-E-6841,-11.5,49.8
ISS002-E-6842,-11.3,50.0
ISS002-E-6843,23.4,14.4
ISS002-E-6844,23.6,14.6
ISS002-E-6845,24.3,15.3
ISS002-E-6846,24.5,15.4
ISS002-E-6847,25.1,16.0
ISS002-E-6848,25.4,16.3
ISS002-E-6849,26.4,17.2
ISS002-E-6850,26.7,17.5
ISS002-E-6851,27.2,18.1
ISS002-E-6852,29.0,19.9
ISS002-E-6853,29.8,20.7
ISS002-E-6854,30.5,21.4
ISS002-E-6855,30.8,21.8
ISS002-E-6856,31.7,22.9
ISS002-E-6857,32.7,24.0
ISS002-E-6858,33.8,25.4
ISS002-E-6859,34.1,25.7
ISS002-E-6860,34.4,26.1
ISS002-E-6861,36.1,28.4
ISS002-E-6862,36.8,29.4
ISS002-E-6863,37.8,30.8
ISS002-E-6864,38.5,31.8
ISS002-E-6865,39.0,32.7
ISS002-E-6866,41.0,36.1
ISS002-E-6867,41.9,37.6
ISS002-E-6868,-40.1,-65.1
ISS002-E-6869,-39.7,-64.4
ISS002-E-6870,-38.2,-62.0
ISS002-E-6871,-35.8,-58.6
ISS002-E-6872,-27.5,-48.9
ISS002-E-6873,-23.2,-44.9
ISS002-E-6874,-23.1,-44.7
ISS002-E-6875,-22.0,-43.8
ISS002-E-6876,42.6,-7.8
ISS002-E-6877,42.8,-7.3
ISS002-E-6878,-11.1,-170.2
ISS002-E-6879,-10.7,-170.0
ISS002-E-6880,-15.4,-173.6
ISS002-E-6881,2.0,-160.9
ISS002-E-6882,2.4,-160.5
ISS002-E-6883,3.0,-160.1
ISS002-E-6884,3.2,-160.0
ISS002-E-6885,-43.3,-61.7
ISS002-E-6886,-1.4,-18.6
ISS002-E-6887,29.9,49.5
ISS002-E-6888,-23.7,-133.7
ISS002-E-6889,-23.0,-133.1
ISS002-E-6890,-22.9,-133.0
ISS002-E-6891,-21.9,-132.1
ISS002-E-6892,3.3,151.7
ISS002-E-6893,3.0,151.9
ISS002-E-6894,2.6,152.2
ISS002-E-6895,-4.9,157.5
ISS002-E-6896,-5.1,157.6
ISS002-E-6897,-5.9,158.2
ISS002-E-6898,9.0,147.6
ISS002-E-6899,-13.9,164.2
ISS002-E-6900,-14.2,164.4
ISS002-E-6901,-15.0,165.0
ISS002-E-6902,-24.5,149.6
ISS002-E-6903,-24.7,149.8
ISS002-E-6904,-25.7,150.7
ISS002-E-6905,-26.9,152.0
ISS002-E-6906,-27.6,152.6
ISS002-E-6907,-29.3,154.3
ISS002-E-6908,-25.6,150.6
ISS002-E-6909,-25.9,150.9
ISS002-E-6910,-26.9,151.9
ISS002-E-6911,-31.2,156.5
ISS002-E-6912,-31.5,156.8
ISS002-E-6913,-11.2,49.1
ISS002-E-6914,-8.4,51.3
ISS002-E-6915,-6.4,52.7
ISS002-E-6917,-19.7,-45.2
ISS002-E-6918,-19.5,-45.1
ISS002-E-6919,-18.5,-44.2
ISS002-E-6920,50.5,37.2
ISS002-E-6921,46.5,21.5
ISS002-E-6922,47.5,24.3
ISS002-E-6923,47.6,24.7
ISS002-E-6924,47.9,25.6
ISS002-E-6925,48.1,26.3
ISS002-E-6928,17.9,100.9
ISS002-E-6929,-20.1,-92.8
ISS002-E-6930,-16.7,-89.9
ISS002-E-6931,-2.9,176.2
ISS002-E-6932,-23.7,-133.7
ISS002-E-6933,18.6,-101.6
ISS002-E-6934,21.4,-99.2
ISS002-E-6935,30.5,-90.3
ISS002-E-6936,30.8,-90.0
ISS002-E-6937,31.3,-89.4
ISS002-E-6938,31.7,-89.0
ISS002-E-6939,32.0,-88.6
ISS002-E-6940,35.4,-84.4
ISS002-E-6941,36.5,-82.9
ISS002-E-6942,36.6,-82.8
ISS002-E-6943,42.9,-72.2
ISS002-E-6944,43.0,-71.9
ISS002-E-6945,45.2,-67.1
ISS002-E-6946,47.9,-59.4
ISS002-E-6947,48.1,-58.5
ISS002-E-6948,35.8,-107.3
ISS002-E-6949,35.9,-107.1
ISS002-E-6950,37.3,-105.2
ISS002-E-6951,37.5,-104.9
ISS002-E-6952,41.0,-99.2
ISS002-E-6953,41.2,-98.9
ISS002-E-6954,42.0,-97.4
ISS002-E-6955,42.1,-97.2
ISS002-E-6956,43.0,-95.4
ISS002-E-6957,43.1,-95.2
ISS002-E-6958,-6.0,53.0
ISS002-E-6971,27.7,140.3
ISS002-E-6972,27.3,140.7
ISS002-E-6973,26.9,141.1
ISS002-E-6974,26.7,141.4
ISS002-E-6975,26.4,141.7
ISS002-E-6976,24.9,143.1
ISS002-E-6977,-50.4,-120.3
ISS002-E-6978,-50.3,-119.3
ISS002-E-6979,-49.6,-115.9
ISS002-E-6980,-48.1,-109.5
ISS002-E-6981,-10.7,-28.5
ISS002-E-6982,-9.8,-27.9
ISS002-E-6983,-9.4,-27.5
ISS002-E-6984,-16.5,-176.9
ISS002-E-6985,-16.7,-176.8
ISS002-E-6986,-23.2,-171.3
ISS002-E-6987,-23.4,-171.1
ISS002-E-6992,-22.5,173.1
ISS002-E-6993,-4.8,135.9
ISS002-E-6994,-7.3,137.7
ISS002-E-6995,13.3,-158.4
ISS002-E-6996,12.1,-157.4
ISS002-E-6997,-13.0,-139.3
ISS002-E-6998,-13.7,-138.8
ISS002-E-6999,-28.3,52.2
ISS002-E-7000,-27.8,52.7
ISS002-E-7001,-26.6,53.9
ISS002-E-7002,-51.6,4.1
ISS002-E-7003,20.2,-123.5
ISS002-E-7004,-50.4,15.9
ISS002-E-7007,-47.8,-43.9
ISS002-E-7020,-19.6,-179.5
ISS002-E-7021,-20.4,-178.9
ISS002-E-7053,-0.6,96.6
ISS002-E-7070,40.2,-103.7
ISS002-E-7071,39.6,-104.6
ISS002-E-7072,40.2,-103.7
ISS002-E-7073,46.9,-88.9
ISS002-E-7074,24.6,-82.2
ISS002-E-7075,24.4,-82.0
ISS002-E-7076,23.6,-81.3
ISS002-E-7077,19.2,-77.4
ISS002-E-7078,16.3,-75.1
ISS002-E-7079,25.7,125.3
ISS002-E-7080,26.8,-131.2
ISS002-E-7081,-0.2,-72.3
ISS002-E-7082,0.2,-72.0
ISS002-E-7083,17.6,-59.1
ISS002-E-7084,17.8,-58.9
ISS002-E-7085,35.8,13.2
ISS002-E-7086,35.9,13.3
ISS002-E-7087,36.3,13.9
ISS002-E-7088,37.2,15.1
ISS002-E-7089,38.5,17.0
ISS002-E-7090,27.3,-90.3
ISS002-E-7091,27.9,-89.8
ISS002-E-7092,28.8,-88.9
ISS002-E-7093,29.2,-88.4
ISS002-E-7094,30.4,-87.1
ISS002-E-7095,-23.8,42.1
ISS002-E-7096,-20.0,45.6
ISS002-E-7097,-19.6,45.8
ISS002-E-7098,-10.4,53.1
ISS002-E-7099,-9.5,53.7
ISS002-E-7100,-9.4,53.8
ISS002-E-7101,-8.9,54.2
ISS002-E-7102,-8.4,54.6
ISS002-E-7103,-8.1,54.7
ISS002-E-7104,-6.1,56.2
ISS002-E-7105,-6.0,56.3
ISS002-E-7106,-5.5,56.7
ISS002-E-7107,21.1,29.6
ISS002-E-7108,18.4,27.4
ISS002-E-7109,23.9,32.2
ISS002-E-7110,24.1,32.3
ISS002-E-7111,25.9,34.0
ISS002-E-7112,26.1,34.2
ISS002-E-7113,28.9,37.0
ISS002-E-7114,34.7,43.7
ISS002-E-7115,38.4,48.9
ISS002-E-7116,39.2,50.2
ISS002-E-7117,39.3,50.5
ISS002-E-7118,40.2,51.9
ISS002-E-7119,40.3,52.1
ISS002-E-7120,39.3,35.7
ISS002-E-7121,43.4,43.2
ISS002-E-7122,43.9,44.2
ISS002-E-7123,43.9,44.3
ISS002-E-7124,49.0,35.9
ISS002-E-7125,49.1,36.5
ISS002-E-7126,51.7,33.9
ISS002-E-7127,51.7,34.6
ISS002-E-7128,42.8,27.2
ISS002-E-7129,44.3,30.5
ISS002-E-7130,44.6,31.1
ISS002-E-7131,44.7,31.4
ISS002-E-7132,45.4,33.1
ISS002-E-7133,45.6,33.6
ISS002-E-7134,46.7,36.7
ISS002-E-7135,46.8,36.9
ISS002-E-7136,46.6,-80.9
ISS002-E-7137,49.1,-71.9
ISS002-E-7138,-17.7,50.1
ISS002-E-7139,-16.1,51.4
ISS002-E-7140,-5.1,59.6
ISS002-E-7141,1.9,58.5
ISS002-E-7142,2.3,58.9
ISS002-E-7143,2.5,59.0
ISS002-E-7144,27.5,32.3
ISS002-E-7145,27.7,32.5
ISS002-E-7146,28.1,33.0
ISS002-E-7147,28.5,33.3
ISS002-E-7148,28.9,33.7
ISS002-E-7149,29.6,34.5
ISS002-E-7150,29.8,34.7
ISS002-E-7151,30.6,35.6
ISS002-E-7152,30.7,35.7
ISS002-E-7153,31.2,36.3
ISS002-E-7154,31.5,36.6
ISS002-E-7155,-16.6,-72.0
ISS002-E-7156,-16.1,-71.7
ISS002-E-7157,-15.5,-71.2
ISS002-E-7158,-15.2,-71.0
ISS002-E-7159,25.5,-110.2
ISS002-E-7160,26.0,-109.7
ISS002-E-7161,30.0,-105.6
ISS002-E-7162,30.2,-105.4
ISS002-E-7163,22.6,-77.6
ISS002-E-7164,22.4,-77.4
ISS002-E-7165,22.0,-77.1
ISS002-E-7166,21.7,-76.8
ISS002-E-7167,21.4,-76.5
ISS002-E-7198,-49.4,40.5
ISS002-E-7199,-8.8,-15.5
ISS002-E-7200,-8.9,-15.4
ISS002-E-7201,-9.5,-14.9
ISS002-E-7202,-9.9,-14.7
ISS002-E-7203,43.3,-89.3
ISS002-E-7204,42.9,-88.4
ISS002-E-7205,42.5,-87.7
ISS002-E-7206,42.2,-87.0
ISS002-E-7207,42.1,-86.8
ISS002-E-7208,41.8,-86.3
ISS002-E-7209,43.8,-94.2
ISS002-E-7211,36.6,-105.2
ISS002-E-7212,29.2,-96.2
ISS002-E-7213,28.6,-95.5
ISS002-E-7214,28.2,-95.2
ISS002-E-7215,27.6,-94.5
ISS002-E-7216,27.3,-94.3
ISS002-E-7241,50.6,96.7
ISS002-E-7242,30.6,6.3
ISS002-E-7243,32.3,8.3
ISS002-E-7244,33.1,9.2
ISS002-E-7245,33.4,9.6
ISS002-E-7246,34.6,11.1
ISS002-E-7247,35.2,11.9
ISS002-E-7248,35.5,12.3
ISS002-E-7249,42.7,23.9
ISS002-E-7250,43.9,26.5
ISS002-E-7251,44.3,27.5
ISS002-E-7252,44.9,28.8
ISS002-E-7253,45.1,29.3
ISS002-E-7254,45.4,30.0
ISS002-E-7255,-0.4,65.7
ISS002-E-7256,3.2,68.3
ISS002-E-7257,4.1,68.9
ISS002-E-7258,5.5,70.0
ISS002-E-7259,5.7,70.1
ISS002-E-7260,7.0,71.0
ISS002-E-7261,8.3,71.9
ISS002-E-7262,9.3,72.6
ISS002-E-7263,9.6,72.9
ISS002-E-7264,11.8,74.6
ISS002-E-7265,23.4,146.1
ISS002-E-7266,23.2,146.2
ISS002-E-7267,22.4,147.0
ISS002-E-7272,21.5,54.1
ISS002-E-7273,20.0,55.4
ISS002-E-7274,19.6,55.7
ISS002-E-7275,18.9,56.3
ISS002-E-7276,18.2,56.9
ISS002-E-7277,17.9,57.1
ISS002-E-7278,17.5,57.5
ISS002-E-7279,16.3,58.4
ISS002-E-7280,25.1,27.4
ISS002-E-7281,24.9,27.6
ISS002-E-7282,27.5,-99.4
ISS002-E-7283,-10.7,-129.0
ISS002-E-7284,-37.8,-164.4
ISS002-E-7289,-39.1,-174.1
ISS002-E-7290,-39.4,-173.7
ISS002-E-7291,-44.7,149.8
ISS002-E-7292,-44.9,150.4
ISS002-E-7293,-45.9,152.9
ISS002-E-7294,-10.7,86.9
ISS002-E-7296,23.5,-71.0
ISS002-E-7297,23.9,-70.7
ISS002-E-7298,24.1,-70.5
ISS002-E-7299,24.7,-70.0
ISS002-E-7300,47.8,-56.7
ISS002-E-7301,48.1,-55.5
ISS002-E-7302,-10.9,87.1
ISS002-E-7303,-50.5,156.2
ISS002-E-7304,-50.4,156.4
ISS002-E-7305,-37.3,66.1
ISS002-E-7306,-37.6,66.5
ISS002-E-7307,-42.3,74.4
ISS002-E-7308,10.3,-162.3
ISS002-E-7309,10.1,-162.2
ISS002-E-7310,9.4,-161.7
ISS002-E-7311,8.9,-161.3
ISS002-E-7320,-17.6,84.0
ISS002-E-7321,-18.7,84.9
ISS002-E-7322,-2.8,175.3
ISS002-E-7323,-3.0,175.5
ISS002-E-7324,-3.4,175.8
ISS002-E-7325,-4.1,176.3
ISS002-E-7326,-4.3,176.4
ISS002-E-7327,-5.1,177.0
ISS002-E-7328,-6.3,177.8
ISS002-E-7329,-6.5,178.0
ISS002-E-7330,-7.2,178.5
ISS002-E-7331,-7.4,178.6
ISS002-E-7332,-9.8,-179.6
ISS002-E-7333,-11.1,-178.7
ISS002-E-7334,-11.2,-178.5
ISS002-E-7335,-15.1,-175.6
ISS002-E-7336,-15.7,-175.1
ISS002-E-7337,-16.3,-174.7
ISS002-E-7338,-17.0,-174.1
ISS002-E-7339,17.0,166.2
ISS002-E-7340,16.6,166.5
ISS002-E-7341,16.0,167.0
ISS002-E-7342,15.8,167.2
ISS002-E-7343,15.5,167.4
ISS002-E-7344,39.0,48.8
ISS002-E-7345,38.8,49.1
ISS002-E-7346,19.0,-69.1
ISS002-E-7347,19.4,-68.8
ISS002-E-7348,27.4,-84.9
ISS002-E-7349,27.8,-84.5
ISS002-E-7350,40.0,-92.3
ISS002-E-7351,45.7,-80.6
ISS002-E-7352,-47.8,150.5
ISS002-E-7353,-47.6,151.2
ISS002-E-7354,-20.9,-139.9
ISS002-E-7355,-20.5,-139.6
ISS002-E-7356,-20.3,-139.5
ISS002-E-7357,-20.0,-139.2
ISS002-E-7358,-19.5,-138.7
ISS002-E-7359,23.0,-79.6
ISS002-E-7360,-11.3,79.1
ISS002-E-7361,-14.6,81.7
ISS002-E-7364,8.8,37.9
ISS002-E-7365,45.1,-76.0
ISS002-E-7366,43.5,-79.7
ISS002-E-7367,43.7,-79.2
ISS002-E-7368,43.9,-78.8
ISS002-E-7369,44.0,-78.5
ISS002-E-7370,44.3,-78.0
ISS002-E-7371,-6.0,44.2
ISS002-E-7372,-5.5,44.6
ISS002-E-7373,-5.3,44.8
ISS002-E-7374,30.1,49.7
ISS002-E-7375,27.5,46.9
ISS002-E-7376,28.9,48.4
ISS002-E-7377,-47.5,151.8
ISS002-E-7378,-20.3,-66.3
ISS002-E-7379,-23.0,-68.7
ISS002-E-7380,-24.5,-70.0
ISS002-E-7381,-24.2,-69.8
ISS002-E-7382,-27.4,-146.0
ISS002-E-7383,-26.5,-145.0
ISS002-E-7384,-16.8,-136.5
ISS002-E-7385,-15.8,-62.6
ISS002-E-7386,-15.4,-62.3
ISS002-E-7387,-2.0,-52.5
ISS002-E-7388,0.4,-50.8
ISS002-E-7389,0.5,-50.7
ISS002-E-7390,1.2,-50.2
ISS002-E-7391,4.8,-47.6
ISS002-E-7392,6.2,-46.7
ISS002-E-7393,39.7,-13.7
ISS002-E-7394,-20.8,-66.7
ISS002-E-7395,-20.0,-66.1
ISS002-E-7396,-16.3,-63.0
ISS002-E-7397,38.8,-108.8
ISS002-E-7398,-17.9,178.6
ISS002-E-7399,-17.2,179.2
ISS002-E-7401,-16.6,179.6
ISS002-E-7402,-15.8,-179.7
ISS002-E-7403,-17.8,178.7
ISS002-E-7404,-12.9,-177.5
ISS002-E-7405,-12.8,-177.4
ISS002-E-7406,-12.4,-177.1
ISS002-E-7407,-9.9,-175.2
ISS002-E-7408,-8.7,-174.3
ISS002-E-7409,38.7,-6.6
ISS002-E-7410,38.8,-6.4
ISS002-E-7411,43.0,1.2
ISS002-E-7412,44.2,3.7
ISS002-E-7413,44.3,4.0
ISS002-E-7414,44.6,4.7
ISS002-E-7415,44.8,5.2
ISS002-E-7416,50.2,0.4
ISS002-E-7417,50.3,1.2
ISS002-E-7418,50.4,1.7
ISS002-E-7419,50.5,2.5
ISS002-E-7420,50.6,3.0
ISS002-E-7421,50.7,3.7
ISS002-E-7422,51.1,7.2
ISS002-E-7423,51.2,7.7
ISS002-E-7424,51.3,8.7
ISS002-E-7425,-17.8,-149.1
ISS002-E-7426,-16.4,-147.9
ISS002-E-7427,-15.4,-147.2
ISS002-E-7428,-14.5,-146.5
ISS002-E-7429,-16.8,-148.3
ISS002-E-7430,-8.4,-141.9
ISS002-E-7431,-6.2,-140.3
ISS002-E-7432,48.1,0.0
ISS002-E-7433,48.2,0.4
ISS002-E-7434,48.8,2.5
ISS002-E-7435,48.8,2.7
ISS002-E-7436,49.1,3.7
ISS002-E-7437,49.2,4.4
ISS002-E-7438,49.4,5.2
ISS002-E-7439,49.5,5.5
ISS002-E-7440,49.6,6.2
ISS002-E-7441,31.0,-119.1
ISS002-E-7442,31.4,-118.6
ISS002-E-7443,31.6,-118.4
ISS002-E-7444,31.9,-118.0
ISS002-E-7445,32.9,-116.9
ISS002-E-7446,33.0,-116.7
ISS002-E-7447,33.4,-116.3
ISS002-E-7448,37.8,-110.4
ISS002-E-7449,38.3,-109.6
ISS002-E-7450,15.9,11.9
ISS002-E-7451,15.6,12.2
ISS002-E-7452,40.2,-106.4
ISS002-E-7453,50.2,3.3
ISS002-E-7454,50.2,3.7
ISS002-E-7455,41.1,33.0
ISS002-E-7456,41.6,33.7
ISS002-E-7457,44.4,39.6
ISS002-E-7458,45.5,42.1
ISS002-E-7459,29.3,-76.8
ISS002-E-7460,29.7,-76.4
ISS002-E-7461,29.9,-76.1
ISS002-E-7462,30.4,-75.5
ISS002-E-7463,30.6,-75.3
ISS002-E-7464,30.9,-75.0
ISS002-E-7542,35.7,30.2
ISS002-E-7543,20.1,152.0
ISS002-E-7544,51.1,1.1
ISS002-E-7545,51.5,5.8
ISS002-E-7546,51.6,7.2
ISS002-E-7547,51.6,7.9
ISS002-E-7548,31.2,-92.4
ISS002-E-7549,31.9,-91.6
ISS002-E-7550,-15.9,-153.4
ISS002-E-7551,-15.1,-152.7
ISS002-E-7552,-14.4,-152.1
ISS002-E-7553,-11.9,-150.3
ISS002-E-7554,-8.5,-147.7
ISS002-E-7555,31.0,33.3
ISS002-E-7556,31.5,33.9
ISS002-E-7557,32.1,34.5
ISS002-E-7558,33.7,36.5
ISS002-E-7559,33.9,36.7
ISS002-E-7560,34.2,37.1
ISS002-E-7561,34.5,37.5
ISS002-E-7562,42.8,50.6
ISS002-E-7563,43.1,51.2
ISS002-E-7564,49.2,68.9
ISS002-E-7565,46.3,35.5
ISS002-E-7566,48.0,40.8
ISS002-E-7567,48.1,41.1
ISS002-E-7568,48.8,43.6
ISS002-E-7569,48.8,43.9
ISS002-E-7570,35.8,-7.6
ISS002-E-7571,36.1,-7.2
ISS002-E-7572,36.3,-6.9
ISS002-E-7573,37.1,-5.9
ISS002-E-7574,37.6,-5.0
ISS002-E-7575,43.1,36.8
ISS002-E-7576,43.4,37.3
ISS002-E-7577,43.7,38.0
ISS002-E-7578,43.9,38.5
ISS002-E-7579,46.6,45.3
ISS002-E-7580,46.7,45.6
ISS002-E-7581,47.0,46.3
ISS002-E-7582,47.2,47.0
ISS002-E-7583,42.8,12.8
ISS002-E-7584,43.3,13.7
ISS002-E-7585,43.9,15.0
ISS002-E-7586,44.1,15.5
ISS002-E-7587,44.8,17.1
ISS002-E-7588,45.4,18.6
ISS002-E-7602,42.9,-87.0
ISS002-E-7603,43.3,-86.1
ISS002-E-7604,43.6,-85.3
ISS002-E-7627,-38.6,17.1
ISS002-E-7628,-39.2,18.0
ISS002-E-7629,-39.3,18.2
ISS002-E-7630,-39.8,19.2
ISS002-E-7631,-41.6,22.3
ISS002-E-7632,5.4,-92.6
ISS002-E-7633,4.8,-92.2
ISS002-E-7634,4.5,-91.9
ISS002-E-7635,4.2,-91.8
ISS002-E-7636,4.0,-91.6
ISS002-E-7637,3.3,-91.1
ISS002-E-7638,2.9,-90.8
ISS002-E-7639,-20.9,-73.0
ISS002-E-7640,-21.0,-72.9
ISS002-E-7641,-22.2,-71.9
ISS002-E-7642,-22.5,-71.6
ISS002-E-7643,-23.5,-70.7
ISS002-E-7644,-23.7,-70.5
ISS002-E-7645,46.7,60.1
ISS002-E-7646,46.8,60.4
ISS002-E-7647,47.1,61.2
ISS002-E-7648,47.6,62.9
ISS002-E-7649,47.6,62.9
ISS002-E-7650,34.9,14.6
ISS002-E-7651,35.9,15.9
ISS002-E-7652,37.7,18.5
ISS002-E-7653,38.3,19.4
ISS002-E-7654,39.0,20.6
ISS002-E-7655,-33.8,-178.5
ISS002-E-7656,41.5,24.8
ISS002-E-7657,36.1,-7.3
ISS002-E-7658,36.2,-7.0
ISS002-E-7659,42.8,3.8
ISS002-E-7660,42.9,4.0
ISS002-E-7661,45.2,9.3
ISS002-E-7662,45.3,9.4
ISS002-E-7664,46.0,11.4
ISS002-E-7665,46.2,11.9
ISS002-E-7666,47.1,14.5
ISS002-E-7667,-43.2,173.1
ISS002-E-7674,33.5,-19.4
ISS002-E-7675,34.2,-18.6
ISS002-E-7676,38.5,-12.5
ISS002-E-7677,38.7,-12.2
ISS002-E-7678,39.2,-11.5
ISS002-E-7679,40.3,-9.6
ISS002-E-7680,43.3,-3.9
ISS002-E-7681,43.6,-3.4
ISS002-E-7682,45.0,-0.1
ISS002-E-7683,45.2,0.4
ISS002-E-7684,45.5,1.2
ISS002-E-7685,36.5,63.5
ISS002-E-7686,2.6,38.6
ISS002-E-7687,26.4,57.6
ISS002-E-7688,26.6,57.8
ISS002-E-7689,24.3,-14.6
ISS002-E-7690,37.8,0.9
ISS002-E-7691,38.2,1.6
ISS002-E-7692,38.6,2.2
ISS002-E-7693,39.6,3.8
ISS002-E-7694,43.4,-12.6
ISS002-E-7695,31.9,25.4
ISS002-E-7696,32.2,25.8
ISS002-E-7697,-32.5,-75.4
ISS002-E-7698,-32.4,-75.3
ISS002-E-7699,-32.0,-74.8
ISS002-E-7700,-31.7,-74.4
ISS002-E-7701,37.7,86.0
ISS002-E-7702,-26.5,-68.9
ISS002-E-7703,-25.5,-67.9
ISS002-E-7704,-25.1,-67.6
ISS002-E-7705,23.0,102.6
ISS002-E-7706,22.9,102.7
ISS002-E-7707,-9.7,-55.0
ISS002-E-7708,18.4,106.6
ISS002-E-7709,-19.2,134.6
ISS002-E-7710,30.7,-22.7
ISS002-E-7711,31.2,-22.1
ISS002-E-7712,34.3,-18.5
ISS002-E-7713,-25.3,140.0
ISS002-E-7727,22.1,25.4
ISS002-E-7728,21.8,25.6
ISS002-E-7729,51.4,-73.1
ISS002-E-7730,51.5,-72.7
ISS002-E-7731,51.6,-71.2
ISS002-E-7732,46.5,5.1
ISS002-E-7733,46.6,5.3
ISS002-E-7734,-43.3,165.4
ISS002-E-7735,-43.5,166.0
ISS002-E-7736,-43.9,166.8
ISS002-E-7737,14.9,-164.8
ISS002-E-7738,14.8,-164.7
ISS002-E-7739,11.1,-161.9
ISS002-E-7740,27.8,36.6
ISS002-E-7741,28.0,36.7
ISS002-E-7742,28.3,37.1
ISS002-E-7743,-17.1,-164.7
ISS002-E-7744,29.2,38.1
ISS002-E-7745,-18.1,-163.9
ISS002-E-7746,-19.6,-162.7
ISS002-E-7747,-24.1,-158.8
ISS002-E-7748,37.3,48.0
ISS002-E-7749,-26.9,-156.1
ISS002-E-7750,32.8,42.1
ISS002-E-7751,33.1,42.5
ISS002-E-7752,33.6,43.0
ISS002-E-7753,42.6,57.0
ISS002-E-7754,-38.5,-142.0
ISS002-E-7755,43.2,58.2
ISS002-E-7756,-39.3,-140.6
ISS002-E-7757,-39.4,-140.4
ISS002-E-7758,-34.1,-171.4
ISS002-E-7759,-34.2,-171.3
ISS002-E-7760,-45.8,-105.8
ISS002-E-7761,-47.5,155.6
ISS002-E-7762,-47.3,156.2
ISS002-E-7763,-42.3,168.5
ISS002-E-7764,-35.2,179.7
ISS002-E-7765,-34.8,-179.7
ISS002-E-7766,-34.6,-179.4
ISS002-E-7772,-30.7,-161.0
ISS002-E-7773,-30.9,-160.8
ISS002-E-7774,-31.5,-160.1
ISS002-E-7775,36.8,38.3
ISS002-E-7776,-32.0,-159.6
ISS002-E-7777,-32.6,-158.8
ISS002-E-7778,-32.8,-158.6
ISS002-E-7779,-36.6,-177.0
ISS002-E-7780,-37.7,-175.5
ISS002-E-7781,-46.1,-159.1
ISS002-E-7782,-46.4,-158.2
ISS002-E-7783,-46.5,-157.9
ISS002-E-7784,-49.4,-147.6
ISS002-E-7785,-44.9,151.1
ISS002-E-7786,-45.0,151.4
ISS002-E-7787,-45.6,152.9
ISS002-E-7788,-49.9,168.1
ISS002-E-7789,-49.9,168.2
ISS002-E-7790,-50.1,169.2
ISS002-E-7791,-43.2,-132.1
ISS002-E-7792,38.7,67.7
ISS002-E-7793,-39.4,-125.2
ISS002-E-7794,-39.3,-124.9
ISS002-E-7795,4.7,38.9
ISS002-E-7796,47.1,-72.3
ISS002-E-7797,47.4,-71.6
ISS002-E-7804,24.6,154.6
ISS002-E-7805,32.3,32.6
ISS002-E-7806,32.7,32.9
ISS002-E-7807,34.5,35.2
ISS002-E-7830,40.1,41.9
ISS002-E-7831,15.6,-76.8
ISS002-E-7832,15.8,-76.7
ISS002-E-7833,37.7,45.9
ISS002-E-7834,18.6,-74.4
ISS002-E-7836,-23.7,98.4
ISS002-E-7837,-24.4,99.0
ISS002-E-7838,-24.6,99.2
ISS002-E-7839,-26.4,100.9
ISS002-E-7840,48.1,23.2
ISS002-E-7841,47.8,24.1
ISS002-E-7842,42.2,38.2
ISS002-E-7843,42.0,38.7
ISS002-E-7844,48.5,-71.7
ISS002-E-7845,48.2,-70.7
ISS002-E-7846,51.1,39.9
ISS002-E-7847,51.1,40.5
ISS002-E-7848,51.2,41.2
ISS002-E-7849,51.7,47.5
ISS002-E-7851,51.6,56.1
ISS002-E-7852,50.3,69.1
ISS002-E-7853,50.2,69.8
ISS002-E-7854,48.4,77.9
ISS002-E-7855,21.3,157.5
ISS002-E-7856,19.3,159.2
ISS002-E-7857,17.9,160.4
ISS002-E-7858,35.8,37.0
ISS002-E-7859,8.9,167.3
ISS002-E-7860,8.0,168.0
ISS002-E-7861,7.4,168.4
ISS002-E-7862,3.4,171.3
ISS002-E-7863,3.1,171.5
ISS002-E-7864,-3.9,176.4
ISS002-E-7865,-4.1,176.6
ISS002-E-7866,-4.5,176.9
ISS002-E-7867,-5.5,177.6
ISS002-E-7868,-17.1,116.1
ISS002-E-7869,51.7,23.0
ISS002-E-7870,51.6,24.0
ISS002-E-7871,46.3,52.2
ISS002-E-7872,46.1,52.7
ISS002-E-7873,45.9,53.3
ISS002-E-7874,45.7,53.8
ISS002-E-7875,-33.5,132.0
ISS002-E-7876,45.3,54.8
ISS002-E-7877,-42.9,146.6
ISS002-E-7878,-42.9,146.8
ISS002-E-7879,-43.7,148.4
ISS002-E-7880,-43.8,148.7
ISS002-E-7881,-44.1,149.2
ISS002-E-7882,-44.3,149.8
ISS002-E-7883,-44.5,150.3
ISS002-E-7884,-44.8,150.8
ISS002-E-7885,18.8,6.9
ISS002-E-7886,17.2,8.2
ISS002-E-7887,17.0,8.4
ISS002-E-7888,16.6,8.7
ISS002-E-7889,10.6,13.4
ISS002-E-7890,8.8,14.7
ISS002-E-7891,43.5,-102.8
ISS002-E-7892,6.2,16.5
ISS002-E-7893,46.8,-94.6
ISS002-E-7894,-1.2,21.8
ISS002-E-7895,-1.6,22.1
ISS002-E-7896,-6.8,104.9
ISS002-E-7897,-7.0,105.1
ISS002-E-7898,-7.4,105.4
ISS002-E-7899,-8.1,105.9
ISS002-E-7900,-9.9,107.1
ISS002-E-7901,-16.9,112.6
ISS002-E-7902,-17.3,112.9
ISS002-E-7903,-25.4,120.0
ISS002-E-7904,-26.5,121.0
ISS002-E-7905,-27.4,121.9
ISS002-E-7906,-32.6,127.5
ISS002-E-7907,-33.5,128.7
ISS002-E-7908,48.1,-73.8
ISS002-E-7909,47.9,-73.1
ISS002-E-7910,0.7,175.3
ISS002-E-7911,47.2,-70.8
ISS002-E-7912,15.5,-168.7
ISS002-E-7913,15.3,-168.6
ISS002-E-7914,13.5,-167.1
ISS002-E-7915,13.2,-167.0
ISS002-E-7916,12.7,-166.6
ISS002-E-7917,12.5,-166.4
ISS002-E-7918,11.9,-166.0
ISS002-E-7919,11.7,-165.8
ISS002-E-7920,10.3,-164.8
ISS002-E-7921,-15.7,95.2
ISS002-E-7922,-17.8,96.9
ISS002-E-7923,-33.5,112.2
ISS002-E-7924,44.8,36.2
ISS002-E-7925,-34.6,113.6
ISS002-E-7926,44.4,37.1
ISS002-E-7927,-35.6,115.0
ISS002-E-7928,43.5,39.0
ISS002-E-7929,-37.7,117.9
ISS002-E-7930,42.0,42.1
ISS002-E-7931,-38.2,118.7
ISS002-E-7932,40.5,44.9
ISS002-E-7933,25.4,162.8
ISS002-E-7934,29.5,38.4
ISS002-E-7935,29.8,38.7
ISS002-E-7936,13.7,172.7
ISS002-E-7937,39.0,50.6
ISS002-E-7938,12.2,173.8
ISS002-E-7939,12.1,173.9
ISS002-E-7940,3.7,-180.0
ISS002-E-7941,46.0,64.7
ISS002-E-7942,46.1,65.2
ISS002-E-7943,2.7,-179.3
ISS002-E-7944,46.5,66.2
ISS002-E-7945,-38.6,-134.6
ISS002-E-7946,-38.4,-134.4
ISS002-E-7947,-37.3,-132.7
ISS002-E-7948,20.7,5.4
ISS002-E-7949,33.1,-119.2
ISS002-E-7950,20.1,5.9
ISS002-E-7951,34.0,-118.2
ISS002-E-7952,-9.4,-17.6
ISS002-E-7953,51.2,-119.4
ISS002-E-7954,-13.2,-14.8
ISS002-E-7955,-14.4,-13.8
ISS002-E-7956,51.7,-109.7
ISS002-E-7957,51.7,-108.9
ISS002-E-7958,50.3,-90.8
ISS002-E-7959,-28.5,-1.4
ISS002-E-7960,-33.7,4.5
ISS002-E-7961,40.3,45.2
ISS002-E-7962,39.5,46.5
ISS002-E-7963,39.3,47.0
ISS002-E-7964,-41.0,123.2
ISS002-E-7965,38.4,48.4
ISS002-E-7966,-34.3,146.9
ISS002-E-7967,-35.0,147.7
ISS002-E-7968,-37.3,150.9
ISS002-E-7969,-37.7,151.5
ISS002-E-7970,-37.8,151.7
ISS002-E-7971,-39.5,154.3
ISS002-E-7972,-40.0,155.1
ISS002-E-7973,-45.3,165.9
ISS002-E-7974,-45.5,166.3
ISS002-E-7975,-10.6,78.0
ISS002-E-7976,-12.4,79.4
ISS002-E-7977,-13.3,80.1
ISS002-E-7978,-17.2,83.1
ISS002-E-7979,-17.5,83.3
ISS002-E-7980,-17.9,83.7
ISS002-E-7981,-18.4,84.1
ISS002-E-7982,-18.7,84.4
ISS002-E-7983,-29.7,47.8
ISS002-E-7984,-29.9,48.0
ISS002-E-7985,-30.6,48.7
ISS002-E-7986,-30.8,49.0
ISS002-E-7987,-32.3,50.7
ISS002-E-7988,-32.6,51.0
ISS002-E-7989,-33.1,51.7
ISS002-E-7990,-33.3,51.9
ISS002-E-7991,-51.7,67.6
ISS002-E-7992,49.1,-77.5
ISS002-E-7993,-51.7,69.0
ISS002-E-7994,48.2,-74.1
ISS002-E-7995,-51.0,79.4
ISS002-E-7996,-50.9,80.2
ISS002-E-7997,-11.7,-177.8
ISS002-E-7998,-12.3,-177.5
ISS002-E-7999,27.9,30.9
ISS002-E-8000,27.4,31.4
ISS002-E-8001,27.1,31.7
ISS002-E-8002,26.8,32.1
ISS002-E-8003,4.7,26.5
ISS002-E-8004,4.4,26.7
ISS002-E-8005,47.3,-84.3
ISS002-E-8006,-38.0,89.6
ISS002-E-8007,-41.3,95.0
ISS002-E-8008,-41.8,95.9
ISS002-E-8009,-42.3,97.0
ISS002-E-8010,-48.2,112.2
ISS002-E-8011,-48.3,112.7
ISS002-E-8012,-48.8,114.6
ISS002-E-8013,-49.3,116.7
ISS002-E-8014,-49.5,117.6
ISS002-E-8015,-50.4,122.1
ISS002-E-8016,-50.7,124.0
ISS002-E-8017,22.3,37.9
ISS002-E-8018,7.8,2.6
ISS002-E-8019,-4.5,-12.1
ISS002-E-8020,-6.1,-10.9
ISS002-E-8021,49.2,-122.2
ISS002-E-8022,-40.2,-0.4
ISS002-E-8023,41.4,-79.0
ISS002-E-8024,-42.0,2.9
ISS002-E-8025,39.2,-75.3
ISS002-E-8026,-51.0,9.4
ISS002-E-8027,-51.2,11.6
ISS002-E-8028,51.5,43.1
ISS002-E-8029,-15.1,145.2
ISS002-E-8030,-16.7,146.4
ISS002-E-8031,-30.2,135.5
ISS002-E-8032,-35.2,141.5
ISS002-E-8033,45.8,60.7
ISS002-E-8034,-36.0,142.6
ISS002-E-8035,-37.2,144.3
ISS002-E-8036,-37.7,145.0
ISS002-E-8037,-30.9,112.9
ISS002-E-8038,47.7,31.9
ISS002-E-8039,-33.5,115.9
ISS002-E-8040,-33.9,116.4
ISS002-E-8041,-34.2,116.8
ISS002-E-8042,-34.5,117.2
ISS002-E-8043,46.1,36.5
ISS002-E-8044,45.9,37.1
ISS002-E-8045,-35.9,119.1
ISS002-E-8046,-38.6,151.7
ISS002-E-8047,-39.0,152.3
ISS002-E-8048,-39.2,152.7
ISS002-E-8049,-39.6,153.3
ISS002-E-8050,-40.1,154.1
ISS002-E-8051,-40.8,155.4
ISS002-E-8052,42.0,-89.2
ISS002-E-8053,-40.2,-9.4
ISS002-E-8054,-40.6,-8.9
ISS002-E-8055,-40.9,-8.3
ISS002-E-8056,15.6,48.8
ISS002-E-8057,35.4,-77.0
ISS002-E-8058,36.0,-76.2
ISS002-E-8059,36.2,-75.9
ISS002-E-8060,8.6,54.1
ISS002-E-8061,5.2,56.6
ISS002-E-8062,4.3,57.2
ISS002-E-8063,3.9,57.5
ISS002-E-8064,-38.1,151.0
ISS002-E-8065,-28.8,124.9
ISS002-E-8066,-29.5,125.7
ISS002-E-8067,-29.9,126.2
ISS002-E-8068,-30.3,126.5
ISS002-E-8069,48.7,42.4
ISS002-E-8070,-31.2,127.6
ISS002-E-8071,-31.4,127.8
ISS002-E-8072,-31.9,128.4
ISS002-E-8073,-32.2,128.7
ISS002-E-8074,-32.5,129.0
ISS002-E-8075,-44.8,149.2
ISS002-E-8076,-45.0,149.7
ISS002-E-8077,-45.3,150.3
ISS002-E-8078,-45.8,151.7
ISS002-E-8079,-22.4,95.4
ISS002-E-8080,-22.6,95.6
ISS002-E-8081,51.3,3.9
ISS002-E-8082,50.1,12.5
ISS002-E-8083,-27.9,100.6
ISS002-E-8084,-28.5,101.2
ISS002-E-8085,25.1,112.9
ISS002-E-8086,26.7,-14.8
ISS002-E-8087,28.3,-13.2
ISS002-E-8088,21.7,115.9
ISS002-E-8089,-24.5,40.0
ISS002-E-8090,-25.0,40.5
ISS002-E-8091,-48.2,78.4
ISS002-E-8092,-18.7,43.8
ISS002-E-8093,-18.9,43.9
ISS002-E-8094,-21.9,46.5
ISS002-E-8095,-22.4,46.9
ISS002-E-8096,-23.1,47.6
ISS002-E-8097,-35.8,167.4
ISS002-E-8098,-35.9,167.5
ISS002-E-8099,-36.4,168.2
ISS002-E-8100,42.6,93.2
ISS002-E-8101,42.5,93.4
ISS002-E-8102,42.1,94.1
ISS002-E-8103,21.3,116.3
ISS002-E-8104,20.5,117.0
ISS002-E-8105,51.7,2.4
ISS002-E-8106,-31.6,112.0
ISS002-E-8108,-36.7,118.4
ISS002-E-8109,4.6,-175.1
ISS002-E-8110,4.3,-174.9
ISS002-E-8111,0.4,164.4
ISS002-E-8112,0.3,164.5
ISS002-E-8113,-0.2,164.9
ISS002-E-8114,-0.5,165.1
ISS002-E-8115,8.4,135.4
ISS002-E-8116,43.0,16.5
ISS002-E-8117,43.4,17.3
ISS002-E-8118,6.8,136.5
ISS002-E-8119,6.6,136.6
ISS002-E-8120,-9.9,148.4
ISS002-E-8121,-11.7,149.8
ISS002-E-8122,-19.6,156.0
ISS002-E-8123,51.1,68.6
ISS002-E-8124,51.0,69.8
ISS002-E-8125,40.0,-75.5
ISS002-E-8126,12.1,46.2
ISS002-E-8127,40.8,-74.2
ISS002-E-8128,40.8,-74.2
ISS002-E-8129,9.3,48.3
ISS002-E-8130,9.1,48.4
ISS002-E-8131,8.6,48.8
ISS002-E-8132,7.0,49.9
ISS002-E-8133,44.0,-67.8
ISS002-E-8134,-37.7,121.6
ISS002-E-8135,-38.3,122.5
ISS002-E-8136,41.3,47.2
ISS002-E-8137,-39.6,124.6
ISS002-E-8138,-41.4,127.7
ISS002-E-8139,-49.4,9.2
ISS002-E-8140,-43.8,-31.2
ISS002-E-8141,51.7,11.2
ISS002-E-8142,-26.9,117.8
ISS002-E-8143,-35.5,-39.9
ISS002-E-8144,45.5,-120.2
ISS002-E-8146,48.6,38.9
ISS002-E-8147,-6.1,152.9
ISS002-E-8148,49.3,41.8
ISS002-E-8149,-7.0,153.5
ISS002-E-8150,-16.6,117.8
ISS002-E-8151,-17.5,118.5
ISS002-E-8152,51.7,20.3
ISS002-E-8153,51.7,21.3
ISS002-E-8154,51.7,21.9
ISS002-E-8155,48.8,46.0
ISS002-E-8156,45.2,30.0
ISS002-E-8157,-37.0,111.5
ISS002-E-8158,-37.8,112.7
ISS002-E-8159,43.9,32.8
ISS002-E-8160,43.1,34.7
ISS002-E-8161,42.4,36.0
ISS002-E-8162,42.1,36.7
ISS002-E-8163,-40.8,117.5
ISS002-E-8164,24.5,35.9
ISS002-E-8165,23.9,36.4
ISS002-E-8166,23.8,36.6
ISS002-E-8167,19.0,40.7
ISS002-E-8168,18.4,41.2
ISS002-E-8169,12.7,45.7
ISS002-E-8170,-40.7,97.8
ISS002-E-8171,-49.9,-179.2
ISS002-E-8172,-49.8,-178.9
ISS002-E-8173,-47.5,-169.6
ISS002-E-8174,-27.3,118.1
ISS002-E-8175,-31.4,122.5
ISS002-E-8176,-32.2,123.5
ISS002-E-8177,-32.4,123.7
ISS002-E-8178,47.6,41.3
ISS002-E-8179,47.3,42.1
ISS002-E-8180,47.1,42.9
ISS002-E-8181,46.6,44.3
ISS002-E-8182,46.3,45.0
ISS002-E-8183,43.9,51.1
ISS002-E-8184,43.7,51.6
ISS002-E-8185,-38.3,131.6
ISS002-E-8186,-38.6,132.0
ISS002-E-8187,43.0,29.6
ISS002-E-8188,42.7,30.2
ISS002-E-8189,42.3,30.9
ISS002-E-8190,-40.0,110.9
ISS002-E-8191,43.4,-88.3
ISS002-E-8192,-38.8,-7.9
ISS002-E-8193,49.9,41.2
ISS002-E-8194,49.7,41.8
ISS002-E-8195,-28.7,128.7
ISS002-E-8196,50.5,37.6
ISS002-E-8199,50.2,39.3
ISS002-E-8200,43.0,15.4
ISS002-E-8201,6.2,-86.0
ISS002-E-8202,5.9,-85.8
ISS002-E-8203,37.4,80.9
ISS002-E-8204,37.1,81.2
ISS002-E-8205,31.6,88.3
ISS002-E-8206,31.5,88.4
ISS002-E-8207,24.6,95.5
ISS002-E-8208,24.5,95.7
ISS002-E-8209,15.1,80.2
ISS002-E-8210,13.3,81.6
ISS002-E-8211,-36.0,67.1
ISS002-E-8212,8.6,70.9
ISS002-E-8213,-8.9,83.4
ISS002-E-8214,12.5,82.2
ISS002-E-8215,11.9,82.7
ISS002-E-8216,-51.7,-55.4
ISS002-E-8217,-51.7,-54.7
ISS002-E-8218,-51.7,-53.8
ISS002-E-8219,-51.7,-52.9
ISS002-E-8220,-51.7,-52.2
ISS002-E-8223,15.7,72.1
ISS002-E-8224,15.4,72.3
ISS002-E-8225,15.1,72.6
ISS002-E-8226,47.6,-52.8
ISS002-E-8227,30.7,34.9
ISS002-E-8228,9.1,19.7
ISS002-E-8229,6.7,21.5
ISS002-E-8230,24.1,-86.0
ISS002-E-8231,23.7,87.2
ISS002-E-8232,24.1,86.9
ISS002-E-8233,22.5,88.3
ISS002-E-8234,22.3,88.5
ISS002-E-8235,14.2,95.2
ISS002-E-8236,14.1,95.3
ISS002-E-8237,15.7,94.0
ISS002-E-8238,14.3,95.1
ISS002-E-8239,14.2,95.2
ISS002-E-8240,13.1,96.0
ISS002-E-8241,12.6,96.4
ISS002-E-8242,12.2,96.7
ISS002-E-8243,10.6,97.9
ISS002-E-8244,8.8,99.3
ISS002-E-8245,8.4,99.5
ISS002-E-8246,-1.5,106.6
ISS002-E-8247,-1.8,106.8
ISS002-E-8248,-2.1,107.0
ISS002-E-8249,-2.5,107.3
ISS002-E-8250,0.2,105.4
ISS002-E-8251,-4.0,108.4
ISS002-E-8252,51.0,-37.7
ISS002-E-8253,51.1,-37.3
ISS002-E-8254,34.6,108.0
ISS002-E-8255,34.0,108.8
ISS002-E-8256,33.8,109.0
ISS002-E-8257,28.8,-25.6
ISS002-E-8258,28.7,-25.5
ISS002-E-8259,27.8,-24.5
ISS002-E-8260,27.0,-23.7
ISS002-E-8261,26.9,-23.6
ISS002-E-8262,11.4,-80.7
ISS002-E-8263,11.1,-80.5
ISS002-E-8264,10.3,-79.9
ISS002-E-8265,12.6,96.4
ISS002-E-8266,12.2,96.7
ISS002-E-8267,10.6,97.9
ISS002-E-8268,8.8,99.3
ISS002-E-8269,8.4,99.5
ISS002-E-8270,-1.5,106.6
ISS002-E-8271,-1.8,106.8
ISS002-E-8272,-2.1,107.0
ISS002-E-8273,-2.5,107.3
ISS002-E-8274,0.2,105.4
ISS002-E-8275,-4.0,108.4
ISS002-E-8276,51.0,-37.7
ISS002-E-8277,51.1,-37.3
ISS002-E-8278,34.6,108.0
ISS002-E-8279,34.0,108.8
ISS002-E-8280,33.8,109.0
ISS002-E-8281,28.8,-25.6
ISS002-E-8282,28.7,-25.5
ISS002-E-8283,27.8,-24.5
ISS002-E-8284,27.0,-23.7
ISS002-E-8285,26.9,-23.6
ISS002-E-8286,11.4,-80.7
ISS002-E-8287,11.1,-80.5
ISS002-E-8288,10.3,-79.9
ISS002-E-8289,10.1,-79.8
ISS002-E-8290,9.7,-79.5
ISS002-E-8291,9.2,-79.1
ISS002-E-8292,9.0,-78.9
ISS002-E-8293,7.8,-78.0
ISS002-E-8294,-0.1,-72.4
ISS002-E-8295,-0.3,-72.3
ISS002-E-8296,-40.5,57.1
ISS002-E-8297,-40.2,57.5
ISS002-E-8298,-40.0,58.0
ISS002-E-8299,-39.1,59.4
ISS002-E-8300,-38.0,61.2
ISS002-E-8301,-7.2,-90.8
ISS002-E-8302,22.0,79.7
ISS002-E-8303,21.8,79.9
ISS002-E-8304,21.5,80.2
ISS002-E-8305,14.6,85.8
ISS002-E-8306,14.4,86.0
ISS002-E-8307,13.7,86.5
ISS002-E-8308,13.4,86.7
ISS002-E-8309,12.7,87.2
ISS002-E-8310,11.4,88.2
ISS002-E-8311,11.2,88.4
ISS002-E-8312,10.8,88.6
ISS002-E-8313,8.2,90.6
ISS002-E-8314,8.1,90.7
ISS002-E-8315,7.5,91.1
ISS002-E-8316,4.7,93.1
ISS002-E-8317,4.4,93.3
ISS002-E-8318,6.4,21.7
ISS002-E-8319,-3.4,61.1
ISS002-E-8320,-3.9,61.5
ISS002-E-8321,-5.0,62.3
ISS002-E-8322,-6.5,63.4
ISS002-E-8323,-6.7,63.5
ISS002-E-8324,-10.0,65.9
ISS002-E-8325,-11.3,66.9
ISS002-E-8326,-11.6,67.1
ISS002-E-8327,-12.8,68.0
ISS002-E-8328,49.2,-26.1
ISS002-E-8329,49.0,-25.1
ISS002-E-8330,48.5,-23.2
ISS002-E-8331,32.9,32.4
ISS002-E-8332,23.0,42.6
ISS002-E-8333,51.5,-77.7
ISS002-E-8334,51.5,-77.3
ISS002-E-8335,51.7,-74.6
ISS002-E-8336,50.9,-57.2
ISS002-E-8337,50.8,-57.0
ISS002-E-8338,50.7,-56.1
ISS002-E-8339,50.5,-54.6
ISS002-E-8340,49.7,75.9
ISS002-E-8341,49.7,76.1
ISS002-E-8342,49.4,77.4
ISS002-E-8343,49.1,78.5
ISS002-E-8344,49.1,78.7
ISS002-E-8345,48.9,79.3
ISS002-E-8346,48.8,79.9
ISS002-E-8347,51.7,34.6
ISS002-E-8348,51.7,35.1
ISS002-E-8349,50.9,20.3
ISS002-E-8350,51.0,21.3
ISS002-E-8351,51.1,22.3
ISS002-E-8352,51.2,23.0
ISS002-E-8353,51.3,24.3
ISS002-E-8354,51.3,24.6
ISS002-E-8355,51.4,25.7
ISS002-E-8356,51.6,28.1
ISS002-E-8357,51.6,28.4
ISS002-E-8358,51.6,29.3
ISS002-E-8359,-13.7,127.9
ISS002-E-8360,50.7,48.8
ISS002-E-8361,50.6,49.5
ISS002-E-8362,51.4,19.2
ISS002-E-8363,51.2,20.7
ISS002-E-8364,51.1,21.7
ISS002-E-8365,-12.2,103.3
ISS002-E-8366,50.7,25.1
ISS002-E-8367,-14.9,105.4
ISS002-E-8368,41.2,54.5
ISS002-E-8369,21.2,55.1
ISS002-E-8370,19.6,56.4
ISS002-E-8371,12.6,178.3
ISS002-E-8372,13.1,178.7
ISS002-E-8373,14.1,179.5
ISS002-E-8374,15.4,-179.6
ISS002-E-8375,47.8,84.8
ISS002-E-8376,48.5,87.3
ISS002-E-8377,48.8,88.2
ISS002-E-8378,9.9,-170.0
ISS002-E-8379,51.7,-40.5
ISS002-E-8380,51.7,-39.3
ISS002-E-8381,51.7,-45.2
ISS002-E-8382,-34.0,71.5
ISS002-E-8383,31.4,16.1
ISS002-E-8384,31.2,16.4
ISS002-E-8385,30.7,16.9
ISS002-E-8386,22.1,25.4
ISS002-E-8387,21.3,26.1
ISS002-E-8388,21.1,26.3
ISS002-E-8389,18.8,28.2
ISS002-E-8390,9.6,35.4
ISS002-E-8391,51.2,43.0
ISS002-E-8392,51.1,43.3
ISS002-E-8393,45.5,43.6
ISS002-E-8394,45.3,44.0
ISS002-E-8395,45.0,44.7
ISS002-E-8396,51.5,-35.7
ISS002-E-8397,50.2,15.5
ISS002-E-8398,44.7,23.9
ISS002-E-8399,44.6,24.2
ISS002-E-8400,44.1,25.3
ISS002-E-8401,43.8,26.0
ISS002-E-8402,43.2,27.3
ISS002-E-8403,45.0,23.2
ISS002-E-8404,-50.5,171.7
ISS002-E-8405,-50.3,172.7
ISS002-E-8406,43.7,26.2
ISS002-E-8407,42.1,29.4
ISS002-E-8408,41.5,30.7
ISS002-E-8409,23.7,52.9
ISS002-E-8410,22.6,53.8
ISS002-E-8411,21.6,54.7
ISS002-E-8415,39.1,-154.4
ISS002-E-8416,39.2,-154.2
ISS002-E-8417,51.7,-8.1
ISS002-E-8418,33.3,51.7
ISS002-E-8419,20.0,65.0
ISS002-E-8420,19.7,65.3
ISS002-E-8421,18.9,66.0
ISS002-E-8422,17.6,67.0
ISS002-E-8423,16.2,68.2
ISS002-E-8424,14.9,69.1
ISS002-E-8425,46.6,89.8
ISS002-E-8426,46.6,89.9
ISS002-E-8427,47.9,93.8
ISS002-E-8428,49.5,100.1
ISS002-E-8429,48.6,96.3
ISS002-E-8431,48.9,97.7
ISS002-E-8432,49.0,98.2
ISS002-E-8433,50.1,103.5
ISS002-E-8434,50.2,103.8
ISS002-E-8435,43.3,63.8
ISS002-E-8436,41.3,60.1
ISS002-E-8437,44.7,67.0
ISS002-E-8438,44.9,67.4
ISS002-E-8439,46.2,70.9
ISS002-E-8440,46.3,71.2
ISS002-E-8441,50.6,88.6
ISS002-E-8442,50.7,89.0
ISS002-E-8443,50.8,89.9
ISS002-E-8444,30.1,21.1
ISS002-E-8445,27.8,18.7
ISS002-E-8446,47.3,50.5
ISS002-E-8447,48.8,56.0
ISS002-E-8448,49.3,57.9
ISS002-E-8449,49.4,58.6
ISS002-E-8450,-41.0,-155.7
ISS002-E-8451,50.0,61.3
ISS002-E-8452,44.2,118.7
ISS002-E-8453,29.2,-3.3
ISS002-E-8454,48.2,30.2
ISS002-E-8455,-13.7,-60.3
ISS002-E-8456,-13.5,-60.2
ISS002-E-8457,-11.4,-58.6
ISS002-E-8458,-11.1,-58.3
ISS002-E-8459,50.1,15.4
ISS002-E-8460,48.1,94.7
ISS002-E-8461,-41.0,-114.3
ISS002-E-8462,48.5,96.2
ISS002-E-8463,51.5,114.8
ISS002-E-8464,51.5,115.2
ISS002-E-8465,51.6,116.0
ISS002-E-8466,51.6,117.0
ISS002-E-8467,51.7,117.9
ISS002-E-8468,51.7,118.9
ISS002-E-8469,51.6,-36.5
ISS002-E-8470,51.5,-34.5
ISS002-E-8471,51.5,-34.2
ISS002-E-8472,51.1,-30.6
ISS002-E-8473,50.9,-28.7
ISS002-E-8474,33.0,93.5
ISS002-E-8475,32.9,93.6
ISS002-E-8476,32.3,94.3
ISS002-E-8477,29.8,97.1
ISS002-E-8478,29.7,97.3
ISS002-E-8479,27.4,99.6
ISS002-E-8480,23.9,103.0
ISS002-E-8481,51.7,-31.4
ISS002-E-8482,51.7,-30.9
ISS002-E-8483,51.7,-29.6
ISS002-E-8484,51.7,-29.2
ISS002-E-8485,51.6,-28.4
ISS002-E-8486,46.4,-89.0
ISS002-E-8487,47.5,-85.5
ISS002-E-8488,47.8,-84.6
ISS002-E-8489,48.1,-83.4
ISS002-E-8490,48.9,-80.5
ISS002-E-8491,47.5,-85.5
ISS002-E-8492,46.2,-89.3
ISS002-E-8493,46.9,-87.3
ISS002-E-8494,35.2,29.5
ISS002-E-8495,32.0,33.5
ISS002-E-8496,30.0,35.7
ISS002-E-8497,29.5,36.3
ISS002-E-8498,28.1,37.7
ISS002-E-8499,27.9,37.9
ISS002-E-8500,29.2,36.5
ISS002-E-8501,24.5,41.3
ISS002-E-8502,22.4,43.1
ISS002-E-8503,20.8,44.6
ISS002-E-8504,15.2,49.1
ISS002-E-8505,14.6,49.6
ISS002-E-8506,12.9,50.9
ISS002-E-8507,13.3,50.6
ISS002-E-8508,11.4,52.0
ISS002-E-8509,11.2,52.2
ISS002-E-8510,10.6,52.6
ISS002-E-8511,9.9,53.2
ISS002-E-8512,3.8,90.0
ISS002-E-8513,3.1,90.5
ISS002-E-8525,51.5,-46.3
ISS002-E-8526,11.0,0.2
ISS002-E-8527,10.7,0.4
ISS002-E-8528,10.1,0.8
ISS002-E-8529,-2.8,10.1
ISS002-E-8530,-3.5,10.6
ISS002-E-8531,49.4,-77.2
ISS002-E-8532,49.2,-76.6
ISS002-E-8533,49.0,-75.5
ISS002-E-8534,48.9,-75.2
ISS002-E-8535,51.3,40.5
ISS002-E-8536,47.9,77.9
ISS002-E-8537,45.8,84.1
ISS002-E-8538,45.5,85.0
ISS002-E-8539,45.3,85.4
ISS002-E-8540,-49.8,-161.8
ISS002-E-8541,-49.9,-161.2
ISS002-E-8542,49.1,50.1
ISS002-E-8543,48.6,52.2
ISS002-E-8544,48.2,53.5
ISS002-E-8545,48.1,54.0
ISS002-E-8546,45.6,61.3
ISS002-E-8547,4.9,107.3
ISS002-E-8548,6.2,106.3
ISS002-E-8549,4.1,107.8
ISS002-E-8550,3.7,108.1
ISS002-E-8551,2.7,108.8
ISS002-E-8552,13.8,100.7
ISS002-E-8553,41.0,47.7
ISS002-E-8554,40.9,48.0
ISS002-E-8555,49.6,-46.0
ISS002-E-8556,29.5,95.8
ISS002-E-8557,29.4,95.9
ISS002-E-8558,41.6,55.8
ISS002-E-8559,41.4,56.0
ISS002-E-8560,40.8,57.2
ISS002-E-8561,40.1,58.4
ISS002-E-8562,39.8,58.8
ISS002-E-8563,38.9,60.3
ISS002-E-8564,41.1,56.7
ISS002-E-8572,-24.4,120.2
ISS002-E-8573,-27.3,122.9
ISS002-E-8574,-28.3,123.9
ISS002-E-8575,-29.0,124.7
ISS002-E-8576,-29.4,125.0
ISS002-E-8577,-29.6,125.3
ISS002-E-8578,-30.3,126.1
ISS002-E-8579,-30.5,126.3
ISS002-E-8580,36.9,-127.9
ISS002-E-8581,37.2,-127.5
ISS002-E-8582,-30.6,103.0
ISS002-E-8583,-30.9,103.3
ISS002-E-8584,-31.2,103.7
ISS002-E-8585,-32.2,104.7
ISS002-E-8586,-32.7,105.3
ISS002-E-8587,-33.0,105.7
ISS002-E-8588,-33.3,106.0
ISS002-E-8589,-33.6,106.4
ISS002-E-8684,-8.3,-17.0
ISS002-E-8685,-8.5,-16.9
ISS002-E-8686,-9.0,-16.6
ISS002-E-8687,51.6,-112.4
ISS002-E-8688,37.3,45.4
ISS002-E-8689,36.5,46.5
ISS002-E-8690,34.9,48.6
ISS002-E-8691,-21.2,48.1
ISS002-E-8723,6.7,-62.3
ISS002-E-8730,14.6,-3.2
ISS002-E-8739,11.5,-24.2
ISS002-E-8740,11.1,-23.9
ISS002-E-8787,-30.2,-75.1
ISS002-E-8792,32.6,68.7
ISS002-E-8793,32.3,69.1
ISS002-E-8794,31.6,69.8
ISS002-E-8795,31.2,70.3
ISS002-E-8796,30.6,71.0
ISS002-E-8797,29.5,72.2
ISS002-E-8798,-43.8,-5.0
ISS002-E-8799,-44.0,-4.5
ISS002-E-8800,-44.5,-3.3
ISS002-E-8801,-44.9,-2.4
ISS002-E-8802,-45.2,-1.6
ISS002-E-8803,-43.5,-5.6
ISS002-E-8804,-50.8,-3.6
ISS002-E-8807,-20.4,-151.7
ISS002-E-8808,-20.1,-151.9
ISS002-E-8809,-47.3,-136.1
ISS002-E-8810,-47.5,-135.6
ISS002-E-8811,-32.7,-143.2
ISS002-E-8812,21.3,-146.3
ISS002-E-8813,-47.8,-45.4
ISS002-E-8814,-46.6,-41.8
ISS002-E-8815,-46.5,-41.5
ISS002-E-8816,-46.1,-40.2
ISS002-E-8817,-45.6,-39.0
ISS002-E-8818,-44.4,-36.0
ISS002-E-8819,-44.0,-35.1
ISS002-E-8820,47.6,53.5
ISS002-E-8821,47.5,53.8
ISS002-E-8822,47.2,54.6
ISS002-E-8823,-21.3,124.8
ISS002-E-8824,-21.9,125.3
ISS002-E-8825,-22.6,125.9
ISS002-E-8826,-22.8,126.1
ISS002-E-8827,-28.8,-129.6
ISS002-E-8828,-29.6,-128.7
ISS002-E-8829,-37.4,-119.0
ISS002-E-8830,-45.4,-104.0
ISS002-E-8831,-49.2,-91.7
ISS002-E-8832,-5.9,-148.6
ISS002-E-8833,6.3,105.0
ISS002-E-8834,6.1,105.1
ISS002-E-8835,5.7,105.4
ISS002-E-8836,-2.0,110.9
ISS002-E-8837,-5.2,113.2
ISS002-E-8838,-47.4,36.0
ISS002-E-8839,-47.1,37.1
ISS002-E-8840,6.4,137.5
ISS002-E-8841,6.1,137.7
ISS002-E-8842,-25.4,21.6
ISS002-E-8843,-25.6,21.8
ISS002-E-8844,-26.2,22.4
ISS002-E-8845,-30.2,26.5
ISS002-E-8846,-30.8,27.1
ISS002-E-8847,-35.8,33.3
ISS002-E-8848,-36.0,33.6
ISS002-E-8849,50.8,20.0
ISS002-E-8850,50.8,20.4
ISS002-E-8851,45.8,40.1
ISS002-E-8852,42.2,-68.6
ISS002-E-8853,41.8,-67.8
ISS002-E-8854,44.5,-96.9
ISS002-E-8855,44.0,-95.7
ISS002-E-8856,-16.6,-37.9
ISS002-E-8857,-18.2,-36.6
ISS002-E-8858,-19.5,-35.5
ISS002-E-8859,-6.4,-148.3
ISS002-E-8860,-8.0,-147.1
ISS002-E-8861,-12.0,-144.2
ISS002-E-8862,-13.8,-142.8
ISS002-E-8863,1.0,-153.5
ISS002-E-8864,-15.6,-141.4
ISS002-E-8865,-16.3,-140.8
ISS002-E-8866,-16.8,-140.4
ISS002-E-8867,-17.6,-139.8
ISS002-E-8868,-18.4,-139.2
ISS002-E-8869,-19.3,-138.4
ISS002-E-8870,-20.2,-137.7
ISS002-E-8871,-21.0,-136.9
ISS002-E-8872,-21.4,-136.6
ISS002-E-8873,-22.1,-136.0
ISS002-E-8874,-22.7,-135.4
ISS002-E-8875,22.1,120.2
ISS002-E-8876,3.5,134.5
ISS002-E-8880,-7.2,160.5
ISS002-E-8881,-21.7,171.9
ISS002-E-8883,-38.6,-71.9
ISS002-E-8887,22.5,114.9
ISS002-E-8888,22.0,115.2
ISS002-E-8889,-27.9,116.7
ISS002-E-8890,-28.3,117.2
ISS002-E-8891,47.2,17.3
ISS002-E-8893,-13.1,80.6
ISS002-E-8894,44.2,25.0
ISS002-E-8895,44.0,25.6
ISS002-E-8896,-25.7,91.2
ISS002-E-8897,-26.3,91.8
ISS002-E-8898,-25.1,90.7
ISS002-E-8899,-28.8,94.3
ISS002-E-8900,-29.0,94.5
ISS002-E-8901,-29.4,94.9
ISS002-E-8902,41.3,31.0
ISS002-E-8903,37.9,13.2
ISS002-E-8904,-36.2,79.8
ISS002-E-8905,-34.6,77.7
ISS002-E-8906,-36.7,80.5
ISS002-E-8907,28.6,24.7
ISS002-E-8908,27.9,25.3
ISS002-E-8909,-42.8,90.7
ISS002-E-8910,49.3,41.9
ISS002-E-8911,49.3,42.2
ISS002-E-8912,49.1,43.1
ISS002-E-8918,48.7,105.5
ISS002-E-8920,48.1,107.7
ISS002-E-8921,48.0,108.2
ISS002-E-8922,45.8,44.5
ISS002-E-8923,-24.5,113.5
ISS002-E-8924,-24.6,113.6
ISS002-E-8925,41.0,69.0
ISS002-E-8926,44.0,39.6
ISS002-E-8927,43.8,40.1
ISS002-E-8928,-8.5,91.3
ISS002-E-8929,-8.7,91.4
ISS002-E-8930,-10.0,92.4
ISS002-E-8931,40.4,46.6
ISS002-E-8933,39.8,47.6
ISS002-E-8934,-14.9,96.2
ISS002-E-8935,-27.9,84.1
ISS002-E-8936,-28.2,84.5
ISS002-E-8937,-28.8,85.1
ISS002-E-8938,41.0,22.1
ISS002-E-8939,40.6,22.9
ISS002-E-8940,40.2,23.7
ISS002-E-8941,-41.7,102.8
ISS002-E-8942,-42.1,103.5
ISS002-E-8943,-39.8,76.0
ISS002-E-8944,-41.0,78.1
ISS002-E-8945,-9.9,45.5
ISS002-E-8946,-10.3,45.9
ISS002-E-8947,-10.8,46.3
ISS002-E-8948,-11.5,46.8
ISS002-E-8949,-13.0,47.9
ISS002-E-8950,-14.5,49.1
ISS002-E-8951,-42.2,-22.1
ISS002-E-8952,-42.0,-21.7
ISS002-E-8953,-41.7,-21.3
ISS002-E-8954,-41.4,-20.6
ISS002-E-8955,-19.8,-133.8
ISS002-E-8956,-20.0,-133.6
ISS002-E-8957,-23.9,-130.1
ISS002-E-8958,-51.5,-94.6
ISS002-E-8959,51.7,103.6
ISS002-E-8960,-51.6,-93.0
ISS002-E-8961,51.7,105.6
ISS002-E-8962,51.7,106.5
ISS002-E-8963,-51.7,-90.7
ISS002-E-8964,51.7,102.0
ISS002-E-8965,51.7,102.3
ISS002-E-8966,51.7,103.0
ISS002-E-8967,51.7,103.9
ISS002-E-8968,51.7,105.2
ISS002-E-8969,51.7,105.8
ISS002-E-8970,51.7,106.2
ISS002-E-8971,-33.0,-31.3
ISS002-E-8972,-33.2,-31.1
ISS002-E-8973,-33.6,-30.5
ISS002-E-8974,-35.3,-28.4
ISS002-E-8975,-0.5,-49.7
ISS002-E-8976,-0.9,-49.5
ISS002-E-8977,1.6,-51.2
ISS002-E-8978,-1.2,-49.3
ISS002-E-8979,-3.8,-47.4
ISS002-E-8980,-36.4,-64.4
ISS002-E-8981,-36.8,-64.0
ISS002-E-8982,-37.2,-63.3
ISS002-E-8983,10.0,-174.2
ISS002-E-8984,9.9,-174.1
ISS002-E-8985,-25.9,-170.0
ISS002-E-8986,-26.1,-169.9
ISS002-E-8987,-30.1,-165.8
ISS002-E-8988,-30.1,-165.8
ISS002-E-8989,-50.2,-135.3
ISS002-E-8990,-50.2,-135.1
ISS002-E-8991,-50.0,-133.8
ISS002-E-8992,-49.5,-131.4
ISS002-E-8993,-28.1,98.5
ISS002-E-8994,-5.9,-157.8
ISS002-E-8995,-6.1,-157.7
ISS002-E-8996,-6.6,-157.3
ISS002-E-8997,-6.8,-157.2
ISS002-E-8998,21.2,135.2
ISS002-E-8999,21.0,135.4
ISS002-E-9000,20.6,135.7
ISS002-E-9001,13.5,141.4
ISS002-E-9002,13.3,141.5
ISS002-E-9003,12.9,141.9
ISS002-E-9004,9.3,144.6
ISS002-E-9005,-11.1,112.4
ISS002-E-9006,-30.3,-34.4
ISS002-E-9007,-30.5,-34.2
ISS002-E-9008,-28.7,-36.2
ISS002-E-9009,-29.0,-35.9
ISS002-E-9010,-32.5,-31.9
ISS002-E-9011,-20.7,-52.8
ISS002-E-9012,29.8,-92.8
ISS002-E-9013,-21.7,-52.0
ISS002-E-9014,-23.3,-50.5
ISS002-E-9015,-20.9,-52.7
ISS002-E-9016,-17.8,-78.6
ISS002-E-9017,-18.1,-78.4
ISS002-E-9018,-16.4,-79.8
ISS002-E-9019,6.8,146.4
ISS002-E-9020,6.6,146.5
ISS002-E-9021,5.7,147.1
ISS002-E-9022,27.2,129.6
ISS002-E-9023,27.0,129.8
ISS002-E-9024,27.0,129.8
ISS002-E-9025,10.2,143.9
ISS002-E-9026,9.6,144.4
ISS002-E-9027,50.6,28.3
ISS002-E-9028,51.6,38.9
ISS002-E-9029,51.4,51.7
ISS002-E-9030,51.2,53.9
ISS002-E-9031,51.2,54.5
ISS002-E-9032,51.0,56.1
ISS002-E-9033,50.9,56.9
ISS002-E-9034,-27.9,150.1
ISS002-E-9035,49.3,66.0
ISS002-E-9036,49.2,66.7
ISS002-E-9037,49.0,67.6
ISS002-E-9038,48.6,69.2
ISS002-E-9039,-34.1,157.1
ISS002-E-9040,48.1,71.0
ISS002-E-9041,47.9,71.7
ISS002-E-9042,46.5,75.9
ISS002-E-9043,39.2,67.8
ISS002-E-9044,38.9,68.4
ISS002-E-9045,38.4,69.1
ISS002-E-9046,38.0,69.7
ISS002-E-9047,37.6,70.3
ISS002-E-9048,37.2,70.9
ISS002-E-9049,36.4,72.1
ISS002-E-9050,36.1,72.5
ISS002-E-9051,49.7,43.9
ISS002-E-9052,49.2,40.7
ISS002-E-9053,49.1,41.1
ISS002-E-9054,48.7,42.5
ISS002-E-9055,48.5,43.4
ISS002-E-9056,48.4,43.7
ISS002-E-9057,48.1,44.7
ISS002-E-9059,47.6,46.4
ISS002-E-9060,47.3,47.6
ISS002-E-9061,47.1,48.2
ISS002-E-9062,46.8,49.0
ISS002-E-9063,33.2,73.5
ISS002-E-9064,33.0,73.7
ISS002-E-9065,32.6,74.2
ISS002-E-9066,26.4,80.8
ISS002-E-9067,26.1,81.2
ISS002-E-9068,25.3,82.0
ISS002-E-9069,25.0,82.2
ISS002-E-9070,24.6,82.6
ISS002-E-9071,24.2,83.0
ISS002-E-9072,23.5,83.6
ISS002-E-9073,23.1,84.0
ISS002-E-9074,22.5,84.5
ISS002-E-9075,39.5,41.3
ISS002-E-9076,41.1,38.5
ISS002-E-9077,50.5,10.1
ISS002-E-9078,50.4,10.8
ISS002-E-9079,51.0,6.6
ISS002-E-9080,16.0,66.6
ISS002-E-9081,40.0,-84.6
ISS002-E-9082,43.9,0.6
ISS002-E-9083,43.8,0.8
ISS002-E-9084,43.3,1.8
ISS002-E-9087,34.9,15.5
ISS002-E-9088,34.8,15.6
ISS002-E-9093,47.6,-79.6
ISS002-E-9094,51.6,70.1
ISS002-E-9095,51.4,72.1
ISS002-E-9096,51.4,72.5
ISS002-E-9097,50.9,77.7
ISS002-E-9098,50.8,78.2
ISS002-E-9099,50.6,79.6
ISS002-E-9100,50.5,80.7
ISS002-E-9101,48.7,89.2
ISS002-E-9102,18.8,64.3
ISS002-E-9103,14.3,67.9
ISS002-E-9104,14.1,68.1
ISS002-E-9105,13.3,68.6
ISS002-E-9106,11.0,70.4
ISS002-E-9107,10.1,71.0
ISS002-E-9108,49.8,-49.2
ISS002-E-9109,50.2,-47.4
ISS002-E-9110,51.6,-34.3
ISS002-E-9111,51.7,-33.2
ISS002-E-9112,51.5,-22.6
ISS002-E-9113,51.7,-25.8
ISS002-E-9114,41.8,57.0
ISS002-E-9115,24.2,32.5
ISS002-E-9116,24.0,32.7
ISS002-E-9117,-11.3,35.9
ISS002-E-9118,-11.5,36.1
ISS002-E-9119,-12.6,37.0
ISS002-E-9120,-12.9,37.2
ISS002-E-9121,-13.8,37.9
ISS002-E-9122,-14.4,38.4
ISS002-E-9123,11.5,-3.9
ISS002-E-9124,11.4,-3.8
ISS002-E-9125,12.4,-4.5
ISS002-E-9126,12.2,-4.4
ISS002-E-9127,47.7,-97.8
ISS002-E-9128,47.6,-97.5
ISS002-E-9129,47.4,-96.9
ISS002-E-9130,47.2,-96.2
ISS002-E-9131,46.9,-95.4
ISS002-E-9132,45.5,-91.6
ISS002-E-9133,45.0,-90.4
ISS002-E-9134,44.9,-89.9
ISS002-E-9135,44.6,-89.4
ISS002-E-9136,51.6,-120.6
ISS002-E-9137,42.7,5.0
ISS002-E-9138,42.9,5.3
ISS002-E-9139,43.1,5.8
ISS002-E-9140,47.8,17.9
ISS002-E-9141,47.9,18.3
ISS002-E-9142,48.1,18.9
ISS002-E-9143,48.2,19.5
ISS002-E-9144,49.9,26.8
ISS002-E-9145,50.1,27.6
ISS002-E-9146,51.4,31.9
ISS002-E-9147,32.0,80.3
ISS002-E-9148,34.5,77.3
ISS002-E-9149,40.7,67.9
ISS002-E-9150,-19.1,-176.2
ISS002-E-9151,-20.1,-175.3
ISS002-E-9152,49.7,41.2
ISS002-E-9153,49.9,42.5
ISS002-E-9154,15.5,134.8
ISS002-E-9155,15.2,135.1
ISS002-E-9156,14.7,135.5
ISS002-E-9157,8.2,140.3
ISS002-E-9158,8.0,140.5
ISS002-E-9159,7.6,140.8
ISS002-E-9160,-51.3,-143.0
ISS002-E-9161,-51.2,-142.4
ISS002-E-9162,-51.0,-140.8
ISS002-E-9163,-7.6,128.2
ISS002-E-9164,-8.5,128.8
ISS002-E-9165,48.3,41.9
ISS002-E-9166,48.1,42.6
ISS002-E-9167,47.9,43.3
ISS002-E-9168,47.6,44.3
ISS002-E-9169,47.4,45.0
ISS002-E-9170,-4.3,102.5
ISS002-E-9171,-5.0,102.9
ISS002-E-9172,-5.7,103.5
ISS002-E-9173,-6.7,104.2
ISS002-E-9174,-7.0,104.4
ISS002-E-9175,-8.0,105.2
ISS002-E-9176,-9.0,105.9
ISS002-E-9177,-33.7,104.8
ISS002-E-9178,5.0,72.5
ISS002-E-9179,4.5,72.8
ISS002-E-9180,3.8,73.4
ISS002-E-9181,3.1,73.8
ISS002-E-9182,2.6,74.2
ISS002-E-9183,2.3,74.4
ISS002-E-9184,2.1,74.6
ISS002-E-9185,0.8,75.5
ISS002-E-9186,-0.9,76.6
ISS002-E-9187,-3.4,55.0
ISS002-E-9188,-3.6,55.2
ISS002-E-9189,-4.5,55.8
ISS002-E-9190,-4.9,56.1
ISS002-E-9191,-51.6,142.1
ISS002-E-9192,-51.6,142.7
ISS002-E-9193,-51.5,143.4
ISS002-E-9194,-51.5,144.3
ISS002-E-9195,-51.7,139.8
ISS002-E-9196,-45.2,-37.8
ISS002-E-9197,-51.5,-66.0
ISS002-E-9198,-50.9,-60.5
ISS002-E-9199,-45.6,-38.8
ISS002-E-9200,-47.4,-44.1
ISS002-E-9201,-19.6,-143.1
ISS002-E-9202,-20.0,-142.8
ISS002-E-9203,-20.3,-142.5
ISS002-E-9204,-21.8,-141.3
ISS002-E-9205,-23.1,-140.1
ISS002-E-9206,-26.8,-136.6
ISS002-E-9207,8.8,149.1
ISS002-E-9208,8.0,149.7
ISS002-E-9209,7.4,150.1
ISS002-E-9210,6.8,150.6
ISS002-E-9211,5.8,151.3
ISS002-E-9212,5.3,151.7
ISS002-E-9213,-0.7,137.5
ISS002-E-9214,-10.3,144.4
ISS002-E-9215,-11.2,145.0
ISS002-E-9216,51.5,23.2
ISS002-E-9217,50.5,45.5
ISS002-E-9218,49.5,51.1
ISS002-E-9219,-15.4,124.9
ISS002-E-9220,-15.9,125.3
ISS002-E-9221,-16.2,125.5
ISS002-E-9222,4.9,151.9
ISS002-E-9223,3.8,152.7
ISS002-E-9224,3.5,152.9
ISS002-E-9225,3.2,153.1
ISS002-E-9226,2.7,153.5
ISS002-E-9227,2.2,153.9
ISS002-E-9228,1.2,154.6
ISS002-E-9229,0.8,154.8
ISS002-E-9230,-0.7,155.9
ISS002-E-9231,41.2,-112.5
ISS002-E-9232,41.0,-112.1
ISS002-E-9233,39.6,-109.7
ISS002-E-9234,39.2,-109.2
ISS002-E-9235,-10.1,-65.3
ISS002-E-9236,-11.7,-64.1
ISS002-E-9237,-12.4,-63.6
ISS002-E-9238,14.0,66.7
ISS002-E-9239,47.4,22.5
ISS002-E-9240,-38.8,112.8
ISS002-E-9241,7.5,71.6
ISS002-E-9242,1.4,76.0
ISS002-E-9243,-8.8,83.2
ISS002-E-9244,46.1,2.9
ISS002-E-9245,45.6,4.2
ISS002-E-9246,45.3,4.9
ISS002-E-9247,-4.5,-83.6
ISS002-E-9248,-4.8,-83.3
ISS002-E-9249,-5.4,-82.9
ISS002-E-9250,-5.9,-82.6
ISS002-E-9251,-7.2,-81.6
ISS002-E-9252,-7.8,-81.2
ISS002-E-9253,-8.2,-80.9
ISS002-E-9254,-8.8,-80.5
ISS002-E-9255,-9.0,-80.3
ISS002-E-9256,-9.3,-80.1
ISS002-E-9257,-9.6,-79.9
ISS002-E-9258,-10.0,-79.6
ISS002-E-9259,-15.2,-75.7
ISS002-E-9260,-24.0,-68.2
ISS002-E-9261,-25.7,-66.6
ISS002-E-9262,-26.9,-65.5
ISS002-E-9263,0.3,179.5
ISS002-E-9264,-0.7,-179.8
ISS002-E-9265,-1.9,-179.0
ISS002-E-9266,-2.5,-178.6
ISS002-E-9267,-2.6,-178.5
ISS002-E-9268,-3.7,-177.7
ISS002-E-9269,-4.0,-177.5
ISS002-E-9270,50.4,42.0
ISS002-E-9271,50.4,42.3
ISS002-E-9272,4.1,106.6
ISS002-E-9273,-0.9,110.1
ISS002-E-9274,-1.3,110.4
ISS002-E-9275,-2.0,110.9
ISS002-E-9276,-2.5,111.2
ISS002-E-9277,-4.2,112.5
ISS002-E-9278,38.3,74.4
ISS002-E-9279,-5.7,113.6
ISS002-E-9280,-9.2,-71.1
ISS002-E-9281,-9.6,-70.8
ISS002-E-9282,29.4,-171.7
ISS002-E-9283,31.1,-173.6
ISS002-E-9284,30.2,-172.5
ISS002-E-9285,31.3,116.1
ISS002-E-9286,28.9,118.6
ISS002-E-9287,25.0,122.6
ISS002-E-9288,23.7,123.8
ISS002-E-9289,1.6,104.4
ISS002-E-9290,0.7,105.0
ISS002-E-9291,0.4,105.3
ISS002-E-9292,-0.3,105.7
ISS002-E-9293,4.8,102.2
ISS002-E-9294,4.0,102.7
ISS002-E-9295,-32.1,-18.2
ISS002-E-9296,-32.8,-17.4
ISS002-E-9297,-14.3,-58.1
ISS002-E-9298,-15.1,-57.4
ISS002-E-9299,-20.6,-52.9
ISS002-E-9300,-21.1,-52.5
ISS002-E-9301,-47.5,-98.0
ISS002-E-9302,-47.8,-97.0
ISS002-E-9303,51.6,53.3
ISS002-E-9304,-19.4,156.6
ISS002-E-9305,51.7,57.1
ISS002-E-9306,51.7,57.5
ISS002-E-9307,-46.6,147.3
ISS002-E-9308,33.7,-27.1
ISS002-E-9309,21.9,-61.7
ISS002-E-9314,37.8,108.0
ISS002-E-9315,37.6,108.2
ISS002-E-9316,37.3,108.7
ISS002-E-9319,8.7,-156.0
ISS002-E-9320,-30.6,-77.2
ISS002-E-9321,-30.3,-76.8
ISS002-E-9322,-29.6,-76.1
ISS002-E-9323,-29.1,-75.5
ISS002-E-9324,-28.5,-74.9
ISS002-E-9325,-27.9,-74.3
ISS002-E-9326,-27.6,-74.0
ISS002-E-9327,-27.0,-73.4
ISS002-E-9328,-26.9,-73.2
ISS002-E-9329,-26.5,-72.9
ISS002-E-9337,-48.9,-44.3
ISS002-E-9338,-48.8,-44.0
ISS002-E-9339,-48.6,-43.0
ISS002-E-9340,-48.4,-42.5
ISS002-E-9341,-48.3,-42.0
ISS002-E-9342,-48.1,-41.4
ISS002-E-9343,-47.7,-39.9
ISS002-E-9344,-47.3,-38.8
ISS002-E-9345,-46.9,-37.5
ISS002-E-9351,-37.2,95.4
ISS002-E-9352,-47.8,117.6
ISS002-E-9353,-26.5,59.4
ISS002-E-9354,-26.7,59.5
ISS002-E-9355,-25.0,58.0
ISS002-E-9356,-25.2,58.2
ISS002-E-9357,-28.8,61.7
ISS002-E-9358,-32.2,65.5
ISS002-E-9359,-37.0,71.7
ISS002-E-9360,-37.1,71.9
ISS002-E-9361,-39.3,75.2
ISS002-E-9362,-42.4,80.8
ISS002-E-9363,-43.0,81.9
ISS002-E-9364,-45.8,88.4
ISS002-E-9365,-50.7,137.8
ISS002-E-9366,-49.4,144.5
ISS002-E-9367,-47.3,152.4
ISS002-E-9368,-47.1,153.0
ISS002-E-9369,-47.0,153.4
ISS002-E-9370,-46.5,154.9
ISS002-E-9374,11.7,156.2
ISS002-E-9469,49.0,5.6
ISS002-E-9470,-27.6,135.3
ISS002-E-9471,-27.7,135.4
ISS002-E-9472,-28.4,136.2
ISS002-E-9473,48.7,4.1
ISS002-E-9474,46.1,-4.1
ISS002-E-9475,34.3,36.9
ISS002-E-9476,33.8,37.4
ISS002-E-9477,33.2,38.2
ISS002-E-9478,38.8,-110.3
ISS002-E-9479,38.6,-110.0
ISS002-E-9480,37.7,-108.6
ISS002-E-9481,37.2,-107.9
ISS002-E-9482,34.8,-104.5
ISS002-E-9483,34.6,-104.3
ISS002-E-9492,-41.4,-152.6
ISS002-E-9520,-1.0,56.1
ISS002-E-9521,-1.6,56.6
ISS002-E-9522,-3.3,57.8
ISS002-E-9544,-0.7,55.9
ISS002-E-9611,-33.9,-52.0
ISS002-E-9612,-32.6,-50.4
ISS002-E-9613,-9.4,175.5
ISS002-E-9614,-19.3,-176.8
ISS002-E-9615,-19.7,-176.4
ISS002-E-9616,-20.5,-175.8
ISS002-E-9617,-20.9,-175.4
ISS002-E-9618,47.3,44.2
ISS002-E-9619,46.9,45.5
ISS002-E-9620,46.7,46.2
ISS002-E-9621,34.5,68.7
ISS002-E-9622,-10.3,-164.5
ISS002-E-9623,-11.3,-163.8
ISS002-E-9624,-13.8,-161.9
ISS002-E-9625,-14.3,-161.5
ISS002-E-9626,-16.1,-160.1
ISS002-E-9627,-17.0,-159.4
ISS002-E-9628,-17.6,-158.9
ISS002-E-9629,-18.5,-158.1
ISS002-E-9630,-13.3,80.5
ISS002-E-9631,-13.9,80.9
ISS002-E-9637,-24.7,66.6
ISS002-E-9638,-25.0,66.8
ISS002-E-9639,-25.3,67.1
ISS002-E-9642,43.2,174.0
ISS002-E-9643,43.4,174.4
ISS002-E-9644,44.2,176.2
ISS002-E-9645,44.4,176.7
ISS002-E-9646,44.6,177.1
ISS002-E-9647,45.1,178.2
ISS002-E-9648,45.3,178.6
ISS002-E-9682,-49.0,93.8
ISS002-E-9683,-48.9,94.2
ISS002-E-9684,-6.5,-69.9
ISS002-E-9685,-6.2,-69.6
ISS002-E-9686,-5.7,-69.3
ISS002-E-9687,-5.3,-69.0
ISS002-E-9688,-3.9,-68.0
ISS002-E-9689,-3.4,-67.6
ISS002-E-9690,-2.7,-67.1
ISS002-E-9691,-2.5,-67.0
ISS002-E-9692,-2.1,-66.7
ISS002-E-9693,-1.1,-66.0
ISS002-E-9694,1.8,-63.9
ISS002-E-9695,2.3,-63.6
ISS002-E-9696,2.5,-63.5
ISS002-E-9697,3.0,-63.1
ISS002-E-9698,3.2,-63.0
ISS002-E-9699,4.5,-62.1
ISS002-E-9700,2.4,-63.6
ISS002-E-9701,4.2,-62.3
ISS002-E-9702,9.2,-58.7
ISS002-E-9703,-14.4,-67.8
ISS002-E-9704,-14.3,-67.7
ISS002-E-9705,-9.7,-64.2
ISS002-E-9706,-9.4,-64.0
ISS002-E-9707,-9.1,-63.8
ISS002-E-9708,-8.7,-63.5
ISS002-E-9709,-8.4,-63.3
ISS002-E-9710,-8.0,-63.0
ISS002-E-9711,-7.4,-62.6
ISS002-E-9712,-7.0,-62.3
ISS002-E-9713,-6.6,-62.0
ISS002-E-9714,-6.1,-61.6
ISS002-E-9715,-5.6,-61.2
ISS002-E-9716,27.8,-152.5
ISS002-E-9717,27.9,-152.4
ISS002-E-9718,34.8,27.7
ISS002-E-9719,34.9,27.9
ISS002-E-9751,41.8,-0.4
ISS002-E-9765,39.2,-176.1
ISS002-E-9766,-38.6,-132.2
ISS002-E-9767,-38.4,-131.8
ISS002-E-9768,-8.9,-149.9
ISS002-E-9769,-7.5,-148.9
ISS002-E-9770,-2.7,-145.5
ISS002-E-9771,34.9,-113.3
ISS002-E-9772,35.0,-113.1
ISS002-E-9773,36.6,-110.9
ISS002-E-9774,37.6,-109.5
ISS002-E-9775,38.9,-107.6
ISS002-E-9776,-5.2,56.4
ISS002-E-9777,-4.9,56.6
ISS002-E-9778,-4.4,56.9
ISS002-E-9779,-0.9,59.4
ISS002-E-9780,-0.7,59.6
ISS002-E-9781,41.6,77.1
ISS002-E-9782,41.9,77.7
ISS002-E-9783,42.6,79.0
ISS002-E-9784,42.7,79.3
ISS002-E-9785,45.0,84.2
ISS002-E-9786,45.2,84.8
ISS002-E-9787,45.3,85.2
ISS002-E-9788,45.7,86.1
ISS002-E-9804,41.5,76.0
ISS002-E-9805,41.2,76.5
ISS002-E-9806,40.5,77.7
ISS002-E-9807,39.9,78.8
ISS002-E-9808,39.2,79.9
ISS002-E-9809,39.0,80.2
ISS002-E-9810,38.7,80.7
ISS002-E-9811,47.8,37.1
ISS002-E-9812,47.4,38.4
ISS002-E-9813,47.1,39.4
ISS002-E-9814,47.0,39.7
ISS002-E-9815,46.8,40.3
ISS002-E-9816,46.5,41.1
ISS002-E-9817,46.3,41.8
ISS002-E-9818,41.6,52.4
ISS002-E-9819,41.3,52.9
ISS002-E-9820,51.6,99.1
ISS002-E-9821,51.6,99.4
ISS002-E-9822,51.4,101.6
ISS002-E-9823,51.4,101.8
ISS002-E-9824,51.3,102.7
ISS002-E-9825,50.6,109.3
ISS002-E-9826,50.5,110.0
ISS002-E-9827,49.3,54.7
ISS002-E-9828,47.7,60.8
ISS002-E-9829,48.4,58.5
ISS002-E-9830,44.5,69.8
ISS002-E-9831,49.9,54.0
ISS002-E-9832,50.1,54.8
ISS002-E-9834,36.7,-71.6
ISS002-E-9835,28.3,-105.1
ISS002-E-9836,37.3,-94.1
ISS002-E-9837,37.8,-93.4
ISS002-E-9838,38.8,-91.9
ISS002-E-9839,39.3,-91.1
ISS002-E-9840,45.3,-79.2
ISS002-E-9841,45.6,-78.4
ISS002-E-9842,46.3,-76.6
ISS002-E-9843,47.4,-73.4
ISS002-E-9844,47.6,-72.6
ISS002-E-9845,47.8,-72.2
ISS002-E-9846,48.0,-71.2
ISS002-E-9847,48.3,-70.5
ISS002-E-9848,48.4,-70.0
ISS002-E-9850,1.9,45.8
ISS002-E-9851,46.2,-68.9
ISS002-E-9852,46.3,-68.6
ISS002-E-9853,46.7,-67.6
ISS002-E-9854,46.8,-67.2
ISS002-E-9855,47.0,-66.7
ISS002-E-9856,47.9,-63.8
ISS002-E-9858,-17.9,-179.9
ISS002-E-9859,-17.2,-179.4
ISS002-E-9860,-16.7,-179.0
ISS002-E-9861,-10.1,-173.9
ISS002-E-9862,-10.6,-174.4
ISS002-E-9863,-10.0,-173.9
ISS002-E-9864,-9.0,-173.2
ISS002-E-9865,-8.1,-172.5
ISS002-E-9867,-7.2,-171.9
ISS002-E-9868,7.1,-3.5
ISS002-E-9869,-9.5,-173.6
ISS002-E-9870,-8.3,-172.7
ISS002-E-9871,-5.6,-170.7
ISS002-E-9872,-4.6,-170.0
ISS002-E-9873,-1.9,-168.1
ISS002-E-9874,2.1,-165.3
ISS002-E-9875,2.5,-165.0
ISS002-E-9876,4.0,-163.9
ISS002-E-9877,4.9,-163.3
ISS002-E-9878,-3.6,-169.3
ISS002-E-9879,0.5,-166.4
ISS002-E-9880,-5.9,48.2
ISS002-E-9881,-5.3,48.6
ISS002-E-9883,-4.5,49.3
ISS002-E-9884,3.8,175.1
ISS002-E-9885,-11.3,-174.0
ISS002-E-9886,-11.9,-173.6
ISS002-E-9887,-8.1,-176.4
ISS002-E-9888,-14.6,-171.6
ISS002-E-9889,-12.0,-173.5
ISS002-E-9890,-16.8,-169.9
ISS002-E-9891,-17.5,-169.3
ISS002-E-9892,-18.0,-168.8
ISS002-E-9893,-17.0,-169.7
ISS002-E-9894,-17.4,-169.4
ISS002-E-9895,-19.2,-167.9
ISS002-E-9896,-27.7,153.1
ISS002-E-9897,-27.9,153.4
ISS002-E-9898,-28.4,153.8
ISS002-E-9899,-25.9,151.4
ISS002-E-9900,-14.6,94.9
ISS002-E-9901,-15.9,95.8
ISS002-E-9902,-16.5,96.3
ISS002-E-9903,41.1,21.0
ISS002-E-9904,40.9,21.3
ISS002-E-9905,44.8,13.3
ISS002-E-9906,39.9,23.0
ISS002-E-9907,39.1,24.4
ISS002-E-9908,-48.4,119.0
ISS002-E-9909,-48.9,120.6
ISS002-E-9910,-51.1,133.7
ISS002-E-9911,-51.3,135.3
ISS002-E-9912,-51.5,138.1
ISS002-E-9913,-12.0,-164.6
ISS002-E-9914,-34.8,-35.2
ISS002-E-9915,-10.8,-165.5
ISS002-E-9916,-11.6,-164.9
ISS002-E-9917,-11.9,-164.7
ISS002-E-9918,-17.4,-160.4
ISS002-E-9919,-17.9,-160.0
ISS002-E-9920,-18.4,-159.6
ISS002-E-9921,-18.9,-159.1
ISS002-E-9922,-19.5,-158.6
ISS002-E-9923,-19.7,-158.5
ISS002-E-9924,-20.0,-158.2
ISS002-E-9925,-20.7,-157.7
ISS002-E-9926,28.5,140.4
ISS002-E-9927,27.8,141.1
ISS002-E-9928,35.2,132.6
ISS002-E-9929,28.3,140.6
ISS002-E-9930,28.1,140.8
ISS002-E-9931,27.7,141.2
ISS002-E-9932,50.6,48.1
ISS002-E-9933,51.3,42.1
ISS002-E-9934,37.7,39.6
ISS002-E-9935,38.2,40.3
ISS002-E-9937,39.3,42.0
ISS002-E-9938,39.6,42.6
ISS002-E-9939,40.0,43.3
ISS002-E-9940,41.4,45.6
ISS002-E-9941,42.1,47.0
ISS002-E-9942,43.9,50.7
ISS002-E-9943,44.1,51.2
ISS002-E-9944,45.5,54.4
ISS002-E-9945,46.4,56.9
ISS002-E-9946,46.8,58.0
ISS002-E-9947,47.3,59.6
ISS002-E-9948,47.6,60.3
ISS002-E-9949,48.7,64.3
ISS002-E-9950,49.2,66.4
ISS002-E-9951,49.3,67.0
ISS002-E-9952,49.5,67.8
ISS002-E-9953,0.8,-40.9
ISS002-E-9994,28.4,112.1
ISS002-E-9995,33.0,145.8
ISS002-E-9996,32.6,146.4
ISS002-E-9997,31.0,148.1
ISS002-E-9998,30.5,148.7
ISS002-E-9999,-51.3,-34.2
ISS002-E-10000,-51.8,-23.6
ISS002-E-10001,4.2,154.6
ISS002-E-10002,2.8,155.7
ISS002-E-10003,-14.6,168.2
ISS002-E-10004,-21.2,173.6
ISS002-E-10005,-23.0,167.3
ISS002-E-10006,30.4,14.2
ISS002-E-10007,-51.3,17.0
ISS002-E-10008,-51.1,18.8
ISS002-E-10009,-38.5,55.7
ISS002-E-10011,34.6,35.0
ISS002-E-10012,35.8,36.5
ISS002-E-10013,-20.4,-127.6
ISS002-E-10014,-18.9,-126.4
ISS002-E-10015,35.3,62.2
ISS002-E-10016,35.0,62.5
ISS002-E-10017,34.2,63.6
ISS002-E-10019,33.3,-5.5
ISS002-E-10020,33.1,-5.3
ISS002-E-10021,11.7,116.4
ISS002-E-10022,38.6,65.8
ISS002-E-10023,38.4,66.1
ISS002-E-10024,38.1,66.5
ISS002-E-10025,37.7,67.1
ISS002-E-10026,46.2,51.6
ISS002-E-10027,46.0,52.1
ISS002-E-10028,-18.7,116.4
ISS002-E-10029,-19.4,117.0
ISS002-E-10030,40.0,41.2
ISS002-E-10031,39.3,42.4
ISS002-E-10032,37.3,45.4
ISS002-E-10033,29.0,-14.8
ISS002-E-10034,28.6,-14.4
ISS002-E-10035,34.3,-114.7
ISS002-E-10036,34.0,-114.3
ISS002-E-10037,33.6,-113.9
ISS002-E-10038,18.0,-98.5
ISS002-E-10039,16.2,-97.1
ISS002-E-10040,15.9,-96.8
ISS002-E-10041,30.9,46.6
ISS002-E-10042,-25.7,-127.2
ISS002-E-10043,-26.4,-126.5
ISS002-E-10044,-26.7,-126.2
ISS002-E-10045,-5.1,-167.1
ISS002-E-10046,-12.3,-161.8
ISS002-E-10047,-13.0,-161.3
ISS002-E-10048,-24.0,-152.2
ISS002-E-10049,-24.9,-151.4
ISS002-E-10050,-26.6,-149.7
ISS002-E-10051,-27.5,-148.8
ISS002-E-10052,-15.4,59.3
ISS002-E-10053,-15.6,59.5
ISS002-E-10054,-16.1,59.8
ISS002-E-10055,-17.0,60.6
ISS002-E-10056,-17.5,61.0
ISS002-E-10057,5.0,169.8
ISS002-E-10058,2.9,171.3
ISS002-E-10059,4.8,169.9
ISS002-E-10060,4.5,170.1
ISS002-E-10061,4.0,170.5
ISS002-E-10062,0.0,173.3
ISS002-E-10063,-0.6,173.7
ISS002-E-10064,-0.9,173.9
ISS002-E-10065,-1.2,174.2
ISS002-E-10066,-1.5,174.4
ISS002-E-10067,-2.9,175.4
ISS002-E-10068,-3.4,175.7
ISS002-E-10069,-2.5,175.1
ISS002-E-10070,-4.8,176.7
ISS002-E-10071,-5.4,177.2
ISS002-E-10072,-14.1,-176.4
ISS002-E-10073,-18.2,-173.2
ISS002-E-10074,-18.4,-173.1
ISS002-E-10075,-18.8,-172.7
ISS002-E-10076,-15.2,-175.6
ISS002-E-10077,-17.6,-173.7
ISS002-E-10078,-51.6,-31.4
ISS002-E-10079,-51.3,-35.0
